Region_ID,Name,Vertex_Count,Center_X,Center_Y,Center_Z,Extent_X,Extent_Y,Extent_Z,Approx_Area_mm2
0,Unknown/Medial Wall,25,35.08281188964844,23.532054710388184,-1.536983140707016,10.792716979980469,14.753774642944336,6.758805155754089,2.5
1,Left Frontal Pole,19,39.0006641588713,23.07838791295102,-14.893178362595407,11.745689392089844,4.86927604675293,16.630971431732178,1.9000000000000001
2,Left Superior Frontal,30,34.784586652119955,19.715590699513754,-8.105665365854898,13.286521911621094,13.219926834106445,6.798279762268066,3.0
3,Left Rostral Middle Frontal,43,30.863339180170104,16.35874034083167,-18.629952231118846,14.067623138427734,12.839452743530273,14.694097518920898,4.3
4,Left Caudal Middle Frontal,117,15.211960592840471,1.0855712160850182,-17.58087039197612,24.669273376464844,40.648813247680664,15.495121002197266,11.700000000000001
5,Left Pars Opercularis,15,12.958258946736654,18.203851000467935,-19.043206787109376,4.37558650970459,6.076520919799805,12.042329788208008,1.5
6,Left Pars Triangularis,20,11.475368213653564,23.595015907287596,-22.476121139526366,7.791059494018555,10.744037628173828,11.596658706665039,2.0
7,Left Pars Orbitalis,9,-47.03149710761176,-15.388192388746473,3.4620104365878634,7.197597503662109,6.155424118041992,8.758588194847107,0.9
8,Left Lateral Orbitofrontal,12,23.713709195454914,31.764371236165363,-17.523900906244915,4.332704544067383,6.439113616943359,11.384242057800293,1.2000000000000002
9,Left Medial Orbitofrontal,29,23.923582011255725,24.95313762796336,-21.641380046976025,14.501348495483398,14.038333892822266,11.920610427856445,2.9000000000000004
10,Left Precentral,10,35.754044723510745,36.35578651428223,-12.015281677246094,7.718101501464844,9.381996154785156,6.746040344238281,1.0
11,Left Paracentral,8,31.59242606163025,36.273332595825195,-10.832735896110535,4.211788177490234,6.246673583984375,4.606300354003906,0.8
12,Left Superior Parietal,23,11.843963125477666,31.31802102793818,-24.717104123986285,9.90307903289795,11.098039627075195,9.585641860961914,2.3000000000000003
13,Left Inferior Parietal,28,9.505799753325325,42.534808022635325,-26.03324501855033,11.184324264526367,16.905723571777344,7.944622039794922,2.8000000000000003
14,Left Supramarginal,10,27.329532432556153,34.91404418945312,-13.099739074707031,3.231494903564453,6.942752838134766,7.832309722900391,1.0
15,Left Angular,13,27.921624990609978,45.848548889160156,-14.710315484267015,7.413042068481445,12.325454711914062,4.099708557128906,1.3
16,Left Precuneus,15,22.13392079671224,43.036468505859375,-17.512805557250978,7.023675918579102,13.83642578125,9.401762008666992,1.5
17,Left Superior Temporal,23,16.768939764603324,52.788154933763586,-20.89792421589727,17.600964546203613,20.6611328125,11.069993019104004,2.3000000000000003
18,Left Middle Temporal,13,19.678238575275127,60.878070244422325,-9.735967599428617,11.115738868713379,5.933704376220703,9.507148742675781,1.3
19,Left Inferior Temporal,21,41.7596564519973,30.940143221900577,-16.983876818702335,14.19460678100586,14.157690048217773,9.716418266296387,2.1
20,Left Banks STS,20,49.35618228912354,35.847189617156985,-10.92375431060791,7.098644256591797,13.586284637451172,11.622644901275635,2.0
21,Left Region 21,11,45.10995171286843,46.34345834905451,-8.539595343849875,4.477832794189453,11.708538055419922,9.956501007080078,1.1
22,Left Region 22,17,41.9528377757353,50.02066556145163,-0.8883961680180886,5.616016387939453,12.76357650756836,12.113415241241455,1.7000000000000002
23,Left Region 23,14,37.57984951564244,49.22594043186733,-13.67150170462472,12.680007934570312,14.538551330566406,7.172060966491699,1.4000000000000001
24,Left Region 24,17,32.47431665308335,58.300035140093634,-8.68711207894718,12.399003982543945,6.745296478271484,10.386265754699707,1.7000000000000002
25,Left Region 25,17,8.628803786109476,63.004105736227594,-15.600500331205481,12.231663227081299,7.543128967285156,13.75742244720459,1.7000000000000002
26,Left Region 26,12,12.47178864479065,67.4829527537028,-3.724039884439359,15.07564640045166,4.0662689208984375,8.321216404438019,1.2000000000000002
27,Left Region 27,106,3.3212699024182446,2.745423238689326,-6.385365157476011,5.681100845336914,43.59855651855469,30.751171112060547,10.600000000000001
28,Left Region 28,14,3.288508747305189,19.297148159572057,-21.79990373338972,5.367318034172058,9.807924270629883,14.870380401611328,1.4000000000000001
29,Left Region 29,16,2.686353914439678,29.79576063156128,-25.504888772964478,3.4678045511245728,12.545845031738281,11.201896667480469,1.6
30,Left Region 30,16,3.686906397342682,27.78798532485962,-12.310413777828217,4.641035318374634,11.814373016357422,6.2410430908203125,1.6
31,Left Region 31,8,9.49495279788971,40.65411424636841,-5.790937304496765,4.162411212921143,3.8974990844726562,4.413986682891846,0.8
32,Left Region 32,8,2.8768217265605927,37.34831762313843,-21.492206573486328,2.3577234745025635,6.246849060058594,11.428709030151367,0.8
33,Left Region 33,17,4.138582159491146,44.493444554946,-18.442179567673627,5.011991024017334,10.030624389648438,15.961181640625,1.7000000000000002
34,Left Region 34,13,5.984393119812012,37.403259570782,-11.245067229637733,6.44326639175415,8.939544677734375,5.136954307556152,1.3
35,Left Region 35,12,8.202014048894247,46.143019358317055,-3.9981114783634744,9.148829460144043,6.15673828125,9.804539561271667,1.2000000000000002
36,Left Region 36,16,5.133806198835373,52.3740611076355,-15.745691955089569,6.624645709991455,13.001945495605469,15.621702194213867,1.6
37,Left Region 37,12,5.2823577125867205,58.8070961634318,-6.556824778517087,4.944247722625732,11.863075256347656,12.110846817493439,1.2000000000000002
38,Left Region 38,13,8.10549310537485,52.27081650954027,0.18152902905757612,4.7095465660095215,10.327220916748047,7.321169853210449,1.3
39,Left Region 39,24,40.74923197428385,29.062858422597248,-2.488503076136112,11.19528579711914,4.628240585327148,10.654612302780151,2.4000000000000004
40,Left Region 40,9,51.647393544514976,35.675189124213325,-3.708849959903293,5.1338653564453125,8.99319076538086,8.220168113708496,0.9
41,Left Region 41,18,44.3675348493788,39.87247170342339,1.931669964765509,7.921871185302734,6.805919647216797,10.153780698776245,1.8
42,Left Region 42,14,45.73451205662319,33.03628921508789,10.80191717829023,7.836200714111328,6.93714714050293,8.126291275024414,1.4000000000000001
43,Left Region 43,21,53.233660561697825,30.06812913077218,0.36519324382589685,7.399940490722656,10.407539367675781,10.925975322723389,2.1
44,Left Region 44,18,54.553330739339195,28.309103118048775,9.082262251112196,6.948188781738281,9.734289169311523,9.69126272201538,1.8
45,Left Region 45,19,42.964299051385176,23.887705451563786,4.664025977253914,9.996475219726562,7.258237838745117,7.645923748612404,1.9000000000000001
46,Left Region 46,20,33.565541934967044,24.98350191116333,4.794809401035309,4.810300827026367,7.760772705078125,5.250705242156982,2.0
47,Left Region 47,17,51.56661964865292,20.068819943596335,7.754907944623162,9.592533111572266,8.107929229736328,8.80109453201294,1.7000000000000002
48,Left Region 48,38,35.6637480886359,16.193883444133558,6.63789407203072,8.85574722290039,16.051255226135254,12.847332000732422,3.8000000000000003
49,Left Region 49,39,38.09557381654397,9.76452305378058,7.165269121145591,11.616580963134766,13.173133850097656,9.499591946601868,3.9000000000000004
50,Left Region 50,15,48.57432200113932,14.049838097890218,1.5030542095502217,12.22342300415039,12.002417087554932,7.828679084777832,1.5
51,Left Region 51,11,55.02165152809837,12.022010109641336,12.427874608473344,8.102714538574219,7.647979736328125,9.934595584869385,1.1
52,Left Region 52,12,53.067365646362305,18.166383186976116,20.653098901112873,10.071144104003906,10.79835319519043,6.01460075378418,1.2000000000000002
53,Left Region 53,12,55.891268730163574,23.778217156728108,17.835676829020183,6.582630157470703,8.71639633178711,9.053178787231445,1.2000000000000002
54,Left Region 54,14,43.0978022984096,20.9282192502703,21.845894268580846,8.04800796508789,6.499982833862305,3.1670494079589844,1.4000000000000001
55,Left Region 55,16,39.44176983833313,15.849019706249237,23.914236783981323,6.805500030517578,8.28732681274414,3.9349594116210938,1.6
56,Left Region 56,17,46.75804744047277,9.185624038471895,20.138532133663404,8.334598541259766,8.129358291625977,8.068989753723145,1.7000000000000002
57,Left Region 57,11,24.558790033513848,60.50786451859908,0.789967032996091,5.350122451782227,10.342048645019531,8.486752033233643,1.1
58,Left Region 58,9,24.183565351698135,54.37562391493056,-4.250574880176121,4.630760192871094,5.923103332519531,4.787827253341675,0.9
59,Left Region 59,8,31.37581777572632,52.325793743133545,-1.5907357726246119,8.383331298828125,3.7747802734375,4.610945165157318,0.8
60,Left Region 60,15,27.451266860961915,51.09515558878581,4.123680981000264,6.555376052856445,6.122772216796875,8.651585459709167,1.5
61,Left Region 61,14,25.83644676208496,58.23492349897112,11.750658478055682,4.8187713623046875,10.692974090576172,10.045000553131104,1.4000000000000001
62,Left Region 62,17,27.23669153101304,50.10030095717486,15.01415460249957,7.043664932250977,7.310115814208984,9.346490859985352,1.7000000000000002
63,Left Region 63,12,35.91656017303467,51.59913698832194,16.44675874710083,10.160884857177734,4.517059326171875,10.901777267456055,1.2000000000000002
64,Left Region 64,10,37.03951759338379,52.99087409973144,10.039987754821777,9.462684631347656,4.973747253417969,5.896176338195801,1.0
65,Left Region 65,12,38.11701806386312,54.88772996266683,3.838953897356987,10.650054931640625,3.926708221435547,8.779913306236267,1.2000000000000002
66,Left Region 66,18,40.547263039482964,43.10200606452094,7.748777919345432,4.8319244384765625,12.582836151123047,7.062308311462402,1.8
67,Left Region 67,16,41.12138223648071,42.968706130981445,17.360667288303375,4.247425079345703,12.160236358642578,8.922822952270508,1.6
68,Left Region 68,12,32.557639280954994,45.60362402598063,22.89832051595052,10.088153839111328,7.088531494140625,7.491916656494141,1.2000000000000002
69,Left Region 69,12,26.593720595041912,42.45048427581787,21.22776714960734,5.254964828491211,6.951053619384766,5.661705017089844,1.2000000000000002
70,Left Region 70,16,29.351916670799255,37.32200050354004,27.823214650154114,4.797067642211914,7.187969207763672,8.643659591674805,1.6
71,Left Region 71,15,35.202872848510744,35.28109563191732,30.894222768147788,12.17633056640625,2.735687255859375,8.534187316894531,1.5
72,Left Region 72,18,40.544223149617515,39.69025421142578,27.320725017123753,12.486053466796875,12.356636047363281,8.642841339111328,1.8
73,Left Region 73,17,39.15312957763672,34.38895023570341,13.947968090281767,4.874584197998047,7.138694763183594,8.103425979614258,1.7000000000000002
74,Left Region 74,19,45.35299361379523,28.13877517298648,19.500979272942793,7.780376434326172,7.901157379150391,7.134134292602539,1.9000000000000001
75,Left Region 75,14,47.02203723362514,35.23268018450056,23.545555795942033,7.637516021728516,11.408023834228516,11.374841690063477,1.4000000000000001
76,Left Region 76,19,48.56579931158768,26.966685244911595,29.537145915784333,7.041698455810547,9.932188034057617,11.55352783203125,1.9000000000000001
77,Left Region 77,12,42.64022954305013,20.958130836486816,27.795822938283283,7.159786224365234,5.522800445556641,8.837825775146484,1.2000000000000002
78,Left Region 78,35,34.32301924569266,31.699895313807897,36.74254335675921,14.878263473510742,7.3860626220703125,10.804462432861328,3.5
79,Left Region 79,13,7.089957347282996,58.30786543626051,6.273954822466924,2.6121034622192383,11.172527313232422,9.877466797828674,1.3
80,Left Region 80,17,12.936786258921904,66.12977151309742,6.089151375433978,16.03822422027588,6.653224945068359,10.225048780441284,1.7000000000000002
81,Left Region 81,10,7.414173030853272,50.68582382202148,10.738771677017212,5.069470405578613,8.301334381103516,6.401676654815674,1.0
82,Left Region 82,15,12.13730583190918,45.03740437825521,8.975023905436197,4.388609886169434,5.678188323974609,11.472777843475342,1.5
83,Left Region 83,10,5.70170841217041,50.413138961791994,19.95917510986328,2.610234260559082,6.591011047363281,8.330635070800781,1.0
84,Left Region 84,11,15.78789589621804,65.14534759521484,14.307589357549494,13.532675743103027,4.760837554931641,10.95376968383789,1.1
85,Left Region 85,18,17.283064206441242,59.12775739034017,22.119098557366264,12.880484580993652,7.983436584472656,12.614864349365234,1.8
86,Left Region 86,14,6.341207299913679,61.41970143999372,18.237255096435547,5.018593788146973,11.36929702758789,11.311558723449707,1.4000000000000001
87,Left Region 87,11,7.5007451664317735,43.03143241188743,19.903697447343305,8.530921936035156,7.0944061279296875,7.564313888549805,1.1
88,Left Region 88,18,11.353304200702244,36.41194746229384,21.673706266615127,6.301628589630127,7.341808319091797,8.902172088623047,1.8
89,Left Region 89,10,5.1265499830245975,44.83849754333496,30.00029582977295,2.6317875385284424,10.091964721679688,8.242786407470703,1.0
90,Left Region 90,15,7.1340926806131995,58.41870676676432,29.547257741292317,8.80244255065918,9.535816192626953,8.59402847290039,1.5
91,Left Region 91,16,24.134959816932678,54.09567975997925,23.90565514564514,5.739555358886719,10.376617431640625,13.257162094116211,1.6
92,Left Region 92,9,26.960498174031574,47.92400783962674,29.303645451863606,3.9103260040283203,8.991817474365234,10.13534927368164,0.9
93,Left Region 93,18,23.72404130299886,40.58932664659288,34.261014726426865,7.539915084838867,9.783931732177734,5.224266052246094,1.8
94,Left Region 94,27,17.496577863340026,48.86492425424081,36.57223284686053,10.88133430480957,11.049922943115234,14.014211654663086,2.7
95,Left Region 95,10,6.660673308372497,53.94308280944824,36.15097198486328,7.833163022994995,8.02767562866211,10.196052551269531,1.0
96,Left Region 96,12,5.317384163538615,47.750521977742515,41.6650063196818,7.397215127944946,12.322460174560547,9.081146240234375,1.2000000000000002
97,Left Region 97,16,5.841876953840256,36.71861433982849,32.5002920627594,2.718822479248047,8.51797103881836,11.229557037353516,1.6
98,Left Region 98,17,11.235584427328671,29.171040254480697,28.322463877060834,4.002021789550781,9.90878677368164,7.064353942871094,1.7000000000000002
99,Left Region 99,18,9.381534655888876,17.26678885353936,37.546469370524086,6.321263313293457,7.424091339111328,7.613910675048828,1.8
100,Left Region 100,15,7.24965467453003,25.07969462076823,35.93383026123047,7.526108264923096,8.172065734863281,9.67806625366211,1.5
101,Left Region 101,17,5.116790294647217,31.305843914256375,43.0112403420841,1.8547101020812988,11.780359268188477,12.069583892822266,1.7000000000000002
102,Left Region 102,17,5.312808794133804,40.6952325035544,49.731036466710705,6.944370985031128,17.330156326293945,9.839324951171875,1.7000000000000002
103,Left Region 103,18,18.57049412197537,38.886901431613495,45.37733798556857,9.838014602661133,11.035266876220703,9.677291870117188,1.8
104,Left Region 104,23,24.299797306890074,32.525797968325406,37.068417424741,6.2398223876953125,7.32823371887207,7.401714324951172,2.3000000000000003
105,Left Region 105,13,22.907057248629055,22.36965957054725,44.53160007183369,3.712850570678711,7.608985900878906,5.397670745849609,1.3
106,Left Region 106,11,22.043432582508434,29.93401354009455,50.39470880681818,3.7744922637939453,8.519632339477539,11.403877258300781,1.1
107,Left Region 107,20,11.245342254638672,34.54766025543213,55.09048576354981,14.067647933959961,10.462984085083008,7.858600616455078,2.0
108,Left Region 108,23,5.607654820317808,18.297521549722422,48.95741189044455,4.694084644317627,15.947798728942871,10.544239044189453,2.3000000000000003
109,Left Region 109,18,9.457232475280762,11.434144814809164,41.02959166632758,4.829900741577148,7.737236976623535,6.630943298339844,1.8
110,Left Region 110,15,10.14679381052653,4.568728995323181,42.64845555623372,3.189912796020508,6.733655214309692,6.645500183105469,1.5
111,Left Region 111,14,6.1997454677309305,7.244769845690046,50.073648180280415,3.9215595722198486,9.195984601974487,9.860332489013672,1.4000000000000001
112,Left Region 112,23,5.2848354733508565,17.422665056974992,60.1717701787534,5.043891191482544,17.494811058044434,12.899269104003906,2.3000000000000003
113,Left Region 113,26,13.023630875807543,23.846355218153732,59.84815069345328,14.532448768615723,10.86410140991211,8.723274230957031,2.6
114,Left Region 114,11,23.176917856389824,21.426879362626508,55.029819835316054,3.3295745849609375,8.140190124511719,10.525138854980469,1.1
115,Left Region 115,17,24.19826810500201,12.587965628680061,48.87618188297047,4.049434661865234,8.022527694702148,5.553539276123047,1.7000000000000002
116,Left Region 116,15,24.398817825317384,5.431275288263957,50.69179916381836,3.4097042083740234,6.528305768966675,5.754447937011719,1.5
117,Left Region 117,17,22.794848498176126,13.041551169227152,57.67880630493164,2.869781494140625,10.222882270812988,9.080951690673828,1.7000000000000002
118,Left Region 118,38,15.737701805014359,9.459213256835938,65.9433422088623,15.48888635635376,16.386337995529175,7.482479095458984,3.8000000000000003
119,Left Region 119,14,24.67630304609026,4.338563480547497,61.098109654017854,3.1239395141601562,8.503030925989151,13.485126495361328,1.4000000000000001
120,Left Region 120,24,22.282750686009724,-3.899515436962247,62.888359705607094,8.296558380126953,10.247085690498352,14.915626525878906,2.4000000000000004
121,Left Region 121,17,4.305529776741476,5.203008213463952,63.44391183292164,3.9852094650268555,10.88772714138031,14.673774719238281,1.7000000000000002
122,Left Region 122,20,6.401359724998474,-1.8923763640224933,55.179931831359866,4.065927505493164,9.520013332366943,12.452709197998047,2.0
123,Left Region 123,24,8.391781588395437,-5.346135313312213,47.01425997416178,5.488004207611084,8.869245648384094,8.150543212890625,2.4000000000000004
124,Left Region 124,27,8.31865538491143,-3.904109393556913,69.9861525076407,11.694845199584961,14.98058271408081,9.422344207763672,2.7
125,Left Region 125,22,27.76044819571755,27.509639393199574,42.57054970481179,8.789360046386719,7.077463150024414,9.494476318359375,2.2
126,Left Region 126,30,39.559535853068034,26.695325469970705,40.93007939656575,11.484333038330078,8.58807373046875,17.036907196044922,3.0
127,Left Region 127,15,41.64709625244141,19.36726468404134,49.04624684651693,9.20444107055664,10.945337295532227,11.260879516601562,1.5
128,Left Region 128,24,28.35781192779541,18.968882878621418,47.32100502649943,9.295967102050781,12.127318382263184,7.215576171875,2.4000000000000004
129,Left Region 129,14,38.56045341491699,16.182208265577042,32.50172860281808,6.495929718017578,5.035675048828125,7.892452239990234,1.4000000000000001
130,Left Region 130,20,35.938880348205565,11.308533358573914,27.398782825469972,4.6216278076171875,7.82893705368042,7.303030014038086,2.0
131,Left Region 131,18,42.38865746392144,18.94417323006524,37.90002038743761,6.838237762451172,11.41450023651123,8.466346740722656,1.8
132,Left Region 132,27,38.31200889304832,5.751805950094153,32.74072767187048,7.254665374755859,9.277375936508179,12.066537857055664,2.7
133,Left Region 133,22,32.98257888447154,12.56072928688743,54.33856634660201,12.183794021606445,13.04626750946045,12.082550048828125,2.2
134,Left Region 134,25,42.15413635253906,6.728480424880981,51.026739349365236,10.6070556640625,10.948978185653687,14.816722869873047,2.5
135,Left Region 135,14,40.34280041285923,7.896960428782871,41.43804822649275,5.076129913330078,8.296407222747803,6.702556610107422,1.4000000000000001
136,Left Region 136,20,26.693345832824708,-1.070853944029659,50.7843297958374,10.558998107910156,6.305469274520874,6.5926666259765625,2.0
137,Left Region 137,9,28.879567464192707,5.004792001512316,54.34054268731011,7.442928314208984,4.5732011795043945,8.20291519165039,0.9
138,Left Region 138,84,40.27697835649763,-1.8862583078111388,10.155536180450802,14.00882339477539,16.55087375640869,17.02675175666809,8.4
139,Left Region 139,7,51.46593965802874,7.103396279471261,12.085699762616839,3.7575950622558594,2.336301326751709,7.079663276672363,0.7000000000000001
140,Left Region 140,26,56.542443348811226,6.310659188490647,3.0442720875144005,8.875587463378906,11.394147157669067,10.984636306762695,2.6
141,Left Region 141,30,55.54963124593099,-4.382653863231341,6.75152280330658,13.752925872802734,13.361385345458984,9.390116691589355,3.0
142,Left Region 142,16,62.70106363296509,2.2678832225501537,15.583266854286194,2.852153778076172,9.819956064224243,13.1553373336792,1.6
143,Left Region 143,13,57.3273931650015,7.470216090862568,14.769598960876465,7.563648223876953,2.771449089050293,10.334699630737305,1.3
144,Left Region 144,20,48.89712696075439,6.515260887145996,22.155116176605226,14.335285186767578,3.0964183807373047,8.079572677612305,2.0
145,Left Region 145,14,45.5825685773577,6.705702679497855,29.140131950378418,10.746387481689453,5.206905364990234,8.469377517700195,1.4000000000000001
146,Left Region 146,20,59.007049560546875,6.6168452553451065,30.105295276641847,9.575599670410156,10.545445665717125,12.953182220458984,2.0
147,Left Region 147,16,58.38086795806885,-3.7553231846541166,23.368770599365234,8.1126708984375,10.907764196395874,12.082757949829102,1.6
148,Left Region 148,19,49.29568260594418,-8.815768768912868,29.450050554777448,9.878890991210938,7.680327892303467,5.796567916870117,1.9000000000000001
149,Left Region 149,18,56.571169747246635,0.44672931399610305,38.61899990505643,9.22945785522461,7.120748519897461,11.410003662109375,1.8
150,Left Region 150,16,46.68170404434204,2.172988139092922,36.48500657081604,9.185062408447266,3.113084316253662,8.837322235107422,1.6
151,Left Region 151,20,40.29043827056885,-1.6395052619278432,48.31960506439209,11.87192153930664,6.1825103759765625,8.277584075927734,2.0
152,Left Region 152,16,52.893028020858765,-2.8176460936665535,47.636033058166504,7.547657012939453,12.4841890335083,10.868316650390625,1.6
153,Left Region 153,18,49.24154133266873,-9.44735829035441,37.70638635423448,9.938987731933594,6.975659370422363,11.707645416259766,1.8
154,Left Region 154,23,41.617068580959156,-14.285107612609863,34.249692170516305,6.765068054199219,7.647871971130371,7.459980010986328,2.3000000000000003
155,Left Region 155,17,36.0383565566119,-17.01825012880213,40.629842421587774,5.178123474121094,4.076381683349609,7.218475341796875,1.7000000000000002
156,Left Region 156,14,42.22948156084333,-12.47110114778791,46.318813868931365,10.560352325439453,4.578485488891602,11.265823364257812,1.4000000000000001
157,Left Region 157,16,44.0640184879303,-4.980155915021896,54.00564455986023,11.569473266601562,7.269166707992554,7.193111419677734,1.6
158,Left Region 158,19,31.837140434666683,-4.79078364685962,47.964379360801296,7.128501892089844,8.626754462718964,4.194614410400391,1.9000000000000001
159,Left Region 159,13,25.64826143704928,-7.356360472165621,49.34187522301307,3.793905258178711,4.850758075714111,5.410068511962891,1.3
160,Left Region 160,11,32.80802397294478,-8.784098885276101,54.73732618852095,7.803163528442383,6.136730670928955,9.212944030761719,1.1
161,Left Region 161,22,41.753672339699484,-12.427380280061202,60.73758472095836,6.734230041503906,16.27608823776245,11.166027069091797,2.2
162,Left Region 162,15,39.091818745930986,-15.451906077067058,52.752437845865884,6.157493591308594,9.466315269470215,8.027030944824219,1.5
163,Left Region 163,19,36.158619127775495,-20.41023726212351,47.33855639005962,4.695812225341797,7.579143524169922,12.65704345703125,1.9000000000000001
164,Left Region 164,25,29.020928039550782,-26.318292999267577,52.03219757080078,10.550226211547852,3.892148971557617,6.880973815917969,2.5
165,Left Region 165,18,28.898029539320206,-24.17205545637343,60.72358067830404,14.775838851928711,3.7742481231689453,10.926528930664062,1.8
166,Left Region 166,29,33.49140561860183,-13.868979108744654,66.11705424867827,10.26059341430664,14.701578617095947,14.156562805175781,2.9000000000000004
167,Left Region 167,18,25.770893838670517,-10.385814693239,54.87347221374512,6.38189697265625,5.515979290008545,6.680084228515625,1.8
168,Left Region 168,19,24.48615877251876,-13.126293533726743,66.44577247218082,7.903842926025391,8.523451805114746,12.707351684570312,1.9000000000000001
169,Left Region 169,22,21.02224805138328,-24.597672895951703,67.2467906258323,13.842416763305664,6.686073303222656,11.302982330322266,2.2
170,Left Region 170,15,19.91071542104085,-28.279175821940104,56.59802017211914,8.163198471069336,4.367336273193359,6.817985534667969,1.5
171,Left Region 171,19,12.63762674833599,-29.64818803887618,66.14238036306281,5.272439002990723,6.999027252197266,14.588882446289062,1.9000000000000001
172,Left Region 172,39,13.323895637805645,-18.15517672514304,73.11696096567007,18.337627410888672,14.468134880065918,9.013069152832031,3.9000000000000004
173,Left Region 173,27,16.221725852401168,-10.175817207053855,66.13065055564597,8.541669845581055,10.19241189956665,9.569976806640625,2.7
174,Left Region 174,28,3.067246730838503,-23.257119383130753,67.80227715628487,4.396518707275391,13.025585174560547,16.88382339477539,2.8000000000000003
175,Left Region 175,23,2.102455517520075,-34.64969278418499,63.20472816798998,4.016652584075928,12.62380599975586,15.672477722167969,2.3000000000000003
176,Left Region 176,27,5.795606772104899,-34.34403242888274,71.95735479284215,9.12711215019226,13.19399642944336,9.643013000488281,2.7
177,Left Region 177,20,8.083297502994537,-37.46125602722168,53.369577407836914,9.577372312545776,8.400688171386719,12.275287628173828,2.0
178,Left Region 178,21,4.1238289674123125,-25.946915490286692,54.822633289155505,2.850166082382202,13.309789657592773,10.270431518554688,2.1
179,Left Region 179,19,15.11445853584691,-39.817302101536804,49.485423840974505,4.114294052124023,7.486919403076172,10.265243530273438,1.9000000000000001
180,Left Region 180,23,15.289065609807553,-35.20702843044115,42.41876917300017,4.936487197875977,8.773624420166016,6.518653869628906,2.3000000000000003
181,Left Region 181,14,14.50763395854405,-26.637507029942103,40.52875873020717,3.029813766479492,7.077543258666992,3.9526519775390625,1.4000000000000001
182,Left Region 182,19,9.903815143986753,-25.500295337877777,46.36356393914474,7.638686180114746,11.546684265136719,5.456607818603516,1.9000000000000001
183,Left Region 183,12,10.818797906239828,-14.605111678441366,44.798422495524086,3.781731605529785,7.737039566040039,6.0418701171875,1.2000000000000002
184,Left Region 184,14,3.9993868555341447,-14.309009620121547,51.32112584795271,4.684821128845215,11.89079761505127,9.175373077392578,1.4000000000000001
185,Left Region 185,21,4.402324086143857,-11.758282252720424,63.63167299543108,4.627502918243408,10.844924926757812,14.842140197753906,2.1
186,Left Region 186,40,1.7233848808333279,25.763523864746094,0.5750546772032976,4.935636982321739,23.212373733520508,18.04066753387451,4.0
187,Left Region 187,14,5.343957611492702,40.30955532618931,-0.47548150164740427,9.475758075714111,7.102108001708984,13.449570655822754,1.4000000000000001
188,Left Region 188,15,9.744344790776571,43.13890914916992,6.310319145520528,11.416677713394165,3.6860275268554688,11.087199091911316,1.5
189,Left Region 189,13,8.781395160234892,39.362937927246094,16.028319725623497,9.953622817993164,3.698078155517578,8.808927536010742,1.3
190,Left Region 190,64,2.624867020678721,25.284347593784332,15.885511383414268,5.158320210874081,25.91271209716797,17.402127265930176,6.4
191,Left Region 191,9,7.000251160727607,28.54434543185764,27.40702946980794,7.961205244064331,6.99945068359375,5.569202423095703,0.9
192,Left Region 192,15,7.052699899673462,21.34578908284505,32.48209495544434,9.282264471054077,6.904987335205078,7.491924285888672,1.5
193,Left Region 193,58,2.6308820793597865,11.220893748875323,27.8191556930542,4.855523534119129,17.62947106361389,25.864962577819824,5.800000000000001
194,Left Region 194,19,5.824834798511706,0.8522664590885765,43.0217793113307,9.049919247627258,12.402463436126709,5.973102569580078,1.9000000000000001
195,Left Region 195,23,7.537095318669858,-11.195336528446363,42.88821328204611,10.518277883529663,8.617746353149414,4.4483184814453125,2.3000000000000003
196,Left Region 196,85,1.9605068401817014,-2.7202058437992545,23.223632161757525,4.479347985237837,17.75576686859131,35.185484409332275,8.5
197,Left Region 197,82,2.5736500456384044,-16.16874270322846,19.73426555605923,5.190139219164848,13.077743530273438,36.27691516280174,8.200000000000001
198,Left Region 198,19,1.6224060654640198,-25.24905972731741,39.114022505910775,1.930065929889679,18.976161003112793,10.773326873779297,1.9000000000000001
199,Left Region 199,20,10.858178877830506,-20.08938503265381,41.79998226165772,9.39962387084961,8.146324157714844,3.699665069580078,2.0
200,Left Region 200,10,12.189346027374267,-29.096724700927734,40.49655723571777,6.728653907775879,6.044485092163086,4.160408020019531,1.0
201,Left Region 201,15,5.907027713457743,-33.75292460123698,44.08614807128906,10.30029022693634,10.057640075683594,4.407146453857422,1.5
202,Left Region 202,72,3.272383053166171,-29.983960019217598,23.751343621148003,7.092706419527531,16.47460174560547,23.556668281555176,7.2
203,Left Region 203,24,6.3167820771535235,-40.705126921335854,36.009318351745605,8.661307334899902,8.848800659179688,6.311939239501953,2.4000000000000004
204,Left Region 204,15,5.994133404890696,-45.42142893473307,32.649609629313154,11.687778651714325,9.485389709472656,5.25172233581543,1.5
205,Left Region 205,46,3.036475259324779,-42.09435321973718,19.246562543122664,5.3195652067661285,18.989219665527344,14.21542739868164,4.6000000000000005
206,Left Region 206,71,6.0013232751631405,-42.34598331720057,7.529289111285142,9.603176474571228,32.69127082824707,11.40536904335022,7.1000000000000005
207,Left Region 207,10,24.795134925842284,-57.69794387817383,3.2349929571151734,4.107233047485352,7.434528350830078,2.9508025646209717,1.0
208,Left Region 208,12,14.168787320454916,-52.68394184112549,2.828251382956902,9.252605438232422,6.142452239990234,5.960598722100258,1.2000000000000002
209,Left Region 209,16,49.156209230422974,-11.96098467707634,11.870384573936462,10.505630493164062,6.336653232574463,8.254842758178711,1.6
210,Left Region 210,52,39.90122714409461,-13.97797573529757,16.41051336435171,11.049415588378906,11.913383483886719,11.826869010925293,5.2
211,Left Region 211,16,52.026148319244385,-16.669277369976044,15.729883193969727,9.12442398071289,5.279611587524414,4.568351745605469,1.6
212,Left Region 212,28,62.180119378226145,-15.759476252964564,15.233539581298828,11.433982849121094,9.965450286865234,12.77894115447998,2.8000000000000003
213,Left Region 213,6,60.10259755452474,-6.72396198908488,19.13689200083415,3.1791000366210938,3.214168071746826,6.962308883666992,0.6000000000000001
214,Left Region 214,14,64.92111941746303,-6.393139021737235,12.611440181732178,5.033164978027344,7.018859624862671,9.095691680908203,1.4000000000000001
215,Left Region 215,16,65.70855283737183,-9.60842940211296,23.39293372631073,6.381015777587891,10.186306953430176,9.769851684570312,1.6
216,Left Region 216,15,62.29834747314453,-9.309663931528727,32.317905807495116,7.989227294921875,7.253617286682129,7.633783340454102,1.5
217,Left Region 217,19,52.70182137740286,-8.729544087460166,26.375203785143402,8.686256408691406,7.124752998352051,9.862953186035156,1.9000000000000001
218,Left Region 218,11,55.17506165937944,-10.712558659640225,36.016231363469906,10.601959228515625,5.020277976989746,7.543764114379883,1.1
219,Left Region 219,28,59.15531717027937,-17.79905894824437,31.65913622719901,8.840648651123047,6.993350028991699,13.262775421142578,2.8000000000000003
220,Left Region 220,23,53.13964031053626,-20.81772630111031,39.17644434389861,8.906631469726562,6.353565216064453,9.39932632446289,2.3000000000000003
221,Left Region 221,15,57.16988042195638,-12.761668332417806,41.87964986165365,9.740669250488281,5.332225799560547,6.0465240478515625,1.5
222,Left Region 222,13,44.27954541719877,-17.192039636465218,38.38446279672476,8.940189361572266,4.9295148849487305,8.134407043457031,1.3
223,Left Region 223,14,45.65724236624582,-16.237342630113876,47.995924540928435,10.503353118896484,4.742883682250977,11.184677124023438,1.4000000000000001
224,Left Region 224,16,55.41896104812622,-15.68422019481659,48.456780672073364,5.600067138671875,7.463773727416992,7.321525573730469,1.6
225,Left Region 225,14,51.29418863568987,-18.495898246765137,56.12487384251186,7.580486297607422,10.795584678649902,8.353313446044922,1.4000000000000001
226,Left Region 226,20,49.02239456176758,-26.359696674346925,51.549257850646974,8.066757202148438,10.721912384033203,14.53853988647461,2.0
227,Left Region 227,12,43.94251028696696,-28.02731116612752,43.80643781026205,8.985359191894531,6.459203720092773,5.194061279296875,1.2000000000000002
228,Left Region 228,21,40.230445861816406,-34.132587251209074,52.63808840797061,6.9491424560546875,5.955327987670898,16.178936004638672,2.1
229,Left Region 229,17,44.516649807200714,-24.448746288523953,61.39935325173771,7.184314727783203,15.15488052368164,9.079696655273438,1.7000000000000002
230,Left Region 230,17,36.506294923670154,-24.677188087912167,49.06715325748219,8.759353637695312,6.99072265625,5.037761688232422,1.7000000000000002
231,Left Region 231,8,36.74945259094238,-26.78744125366211,55.67527389526367,10.601806640625,6.057641983032227,5.08245849609375,0.8
232,Left Region 232,12,38.79439226786295,-30.6137277285258,64.52827580769856,8.762855529785156,8.71468734741211,8.641868591308594,1.2000000000000002
233,Left Region 233,24,31.738987763722736,-37.62187703450521,52.29229895273844,8.454011917114258,3.8777389526367188,12.336971282958984,2.4000000000000004
234,Left Region 234,30,27.750262196858724,-37.12802263895671,61.27744967142741,15.963581085205078,4.269336700439453,13.306015014648438,3.0
235,Left Region 235,15,32.03218142191569,-30.718522771199545,67.56442082722982,7.418018341064453,6.449804306030273,11.96102523803711,1.5
236,Left Region 236,15,21.357229868570965,-30.013109079996745,58.088009389241535,10.759031295776367,3.20892333984375,7.096412658691406,1.5
237,Left Region 237,18,23.930883407592773,-30.38882573445638,69.2476151784261,9.965959548950195,4.738162994384766,11.361373901367188,1.8
238,Left Region 238,8,12.837024569511414,-32.86967325210571,65.51086854934692,6.688424110412598,2.8724327087402344,4.741199493408203,0.8
239,Left Region 239,26,12.866060697115385,-34.10913892892691,76.26871373103215,14.99577283859253,11.12497329711914,10.820770263671875,2.6
240,Left Region 240,21,45.29798217046829,-24.292216255551292,16.646273930867512,10.895492553710938,9.276424407958984,4.206478118896484,2.1
241,Left Region 241,32,36.779421210289,-26.765635073184967,17.93787956237793,7.0030975341796875,13.358989715576172,2.954751968383789,3.2
242,Left Region 242,26,43.602679619422325,-33.376390383793755,20.218414086561936,8.868610382080078,5.456245422363281,7.809160232543945,2.6
243,Left Region 243,34,50.946369395536536,-34.305849468006805,26.78585097369026,10.3214111328125,5.596269607543945,11.077217102050781,3.4000000000000004
244,Left Region 244,23,53.57415108058763,-25.78403564121412,20.569019442019254,11.880645751953125,7.513195037841797,10.483078956604004,2.3000000000000003
245,Left Region 245,25,59.28381362915039,-25.803413848876954,25.788561172485352,9.858631134033203,12.476995468139648,9.265518188476562,2.5
246,Left Region 246,20,61.541385078430174,-23.821912479400634,32.78988676071167,6.620048522949219,6.608318328857422,12.444250106811523,2.0
247,Left Region 247,31,60.73577327112998,-31.976320205196256,37.48123550415039,9.588859558105469,12.900800704956055,13.740447998046875,3.1
248,Left Region 248,15,62.66674880981445,-37.34722798665364,31.120254770914713,10.51950454711914,6.987957000732422,8.088874816894531,1.5
249,Left Region 249,19,64.79513690346165,-37.94164537128649,22.48169668097245,7.3133697509765625,7.182991027832031,9.957893371582031,1.9000000000000001
250,Left Region 250,24,57.05837217966715,-40.13480965296427,44.75634781519572,12.111682891845703,11.191314697265625,14.058204650878906,2.4000000000000004
251,Left Region 251,23,55.28281684543776,-29.990485066952914,46.81341138093368,10.846084594726562,13.00052261352539,9.488861083984375,2.3000000000000003
252,Left Region 252,21,52.4223747253418,-24.02734965369815,38.705052512032644,12.503822326660156,4.152729034423828,6.1835479736328125,2.1
253,Left Region 253,20,47.53098773956299,-32.615276432037355,44.14347267150879,7.199604034423828,11.494029998779297,9.066654205322266,2.0
254,Left Region 254,29,41.95984597041689,-38.815268286343276,40.22079757164265,11.888858795166016,7.534481048583984,7.09417724609375,2.9000000000000004
255,Left Region 255,26,42.439216760488655,-29.458681326646072,40.367186326246994,9.52139663696289,8.419410705566406,3.3576812744140625,2.6
256,Left Region 256,27,34.28478353994864,-35.61968831662779,42.6415822064435,6.00299072265625,8.830171585083008,6.745872497558594,2.7
257,Left Region 257,19,29.455090773733037,-40.86326358192846,54.705157229774876,10.237850189208984,4.861572265625,5.992977142333984,1.9000000000000001
258,Left Region 258,25,19.48814895629883,-38.53922256469727,68.09728729248047,8.953224182128906,9.78591537475586,13.944557189941406,2.5
259,Left Region 259,31,14.299552148388278,-48.528589433239354,71.31470268003402,12.113767623901367,13.180702209472656,14.28009033203125,3.1
260,Left Region 260,28,23.64321892602103,-43.80962766919817,61.85626697540283,9.422721862792969,9.38006591796875,9.17034912109375,2.8000000000000003
261,Left Region 261,22,33.19823178378019,-45.59593460776589,63.259990865534,10.032697677612305,8.240375518798828,10.124427795410156,2.2
262,Left Region 262,22,34.80244948647239,-44.15193609757857,49.073199185458094,5.6968231201171875,8.235588073730469,11.376686096191406,2.2
263,Left Region 263,24,33.97081915537516,-41.65661366780599,40.10441621144613,3.8949127197265625,7.320396423339844,6.4044189453125,2.4000000000000004
264,Left Region 264,30,32.23104654947917,-49.81978988647461,42.721335093180336,4.960411071777344,7.710460662841797,9.359321594238281,3.0
265,Left Region 265,24,35.96795948346456,-51.156362533569336,56.88931957880656,7.426881790161133,9.073997497558594,15.618507385253906,2.4000000000000004
266,Left Region 266,26,21.00791546014639,-52.34605921231783,63.09650787940392,12.898826599121094,8.133453369140625,6.590187072753906,2.6
267,Left Region 267,46,11.337952126627384,-58.35036916318147,63.8521963202435,15.925236701965332,10.986766815185547,9.312385559082031,4.6000000000000005
268,Left Region 268,26,25.50242959536039,-59.18711647620568,60.90760612487793,12.513912200927734,11.496978759765625,12.084587097167969,2.6
269,Left Region 269,19,27.102869535747327,-56.66447830200195,52.0130346197831,7.909063339233398,4.613773345947266,7.089458465576172,1.9000000000000001
270,Left Region 270,36,30.053006913926865,-58.2310578028361,47.008736504448784,7.858818054199219,10.682666778564453,7.120403289794922,3.6
271,Left Region 271,25,23.115812530517577,-62.66384292602539,50.89615447998047,9.20522689819336,8.124088287353516,7.924560546875,2.5
272,Left Region 272,46,12.272862807564113,-69.78727514847465,56.26572559190833,15.094698429107666,12.619510650634766,13.943145751953125,4.6000000000000005
273,Left Region 273,10,22.14180145263672,-64.95331153869628,43.5194580078125,3.7433643341064453,4.086235046386719,7.236198425292969,1.0
274,Left Region 274,13,25.884328548724834,-62.86658829909105,40.64521202674279,5.821317672729492,1.4454460144042969,10.3953857421875,1.3
275,Left Region 275,13,27.519149193396935,-64.11925565279446,32.12855691176195,4.814836502075195,4.302425384521484,6.128635406494141,1.3
276,Left Region 276,10,25.44586601257324,-70.4648338317871,37.13837947845459,4.865266799926758,9.60943603515625,9.868913650512695,1.0
277,Left Region 277,31,17.995794942302087,-74.40076249645603,46.89771356890279,13.32645034790039,11.98876953125,8.66025161743164,3.1
278,Left Region 278,17,22.875330868889304,-83.42260831945083,40.464046478271484,8.20208740234375,11.271812438964844,11.844676971435547,1.7000000000000002
279,Left Region 279,7,26.3344053540911,-79.48333958217076,29.26935032435826,1.4540576934814453,9.820137023925781,5.762508392333984,0.7000000000000001
280,Left Region 280,12,29.69058879216512,-69.95482508341472,25.49802605311076,4.548946380615234,6.025360107421875,6.304962158203125,1.2000000000000002
281,Left Region 281,6,28.115451494852703,-77.64389928181966,22.0761079788208,1.745534896850586,7.657661437988281,5.64995002746582,0.6000000000000001
282,Left Region 282,12,20.93248160680135,-88.45694224039714,27.445815086364746,9.615520477294922,3.675933837890625,10.906509399414062,1.2000000000000002
283,Left Region 283,44,57.254349968650125,-46.71825764395974,25.244958357377485,10.431819915771484,9.060283660888672,13.721292495727539,4.4
284,Left Region 284,38,51.83926582336426,-47.55008115266499,40.84115741127416,11.022293090820312,11.427547454833984,8.6646728515625,3.8000000000000003
285,Left Region 285,21,56.44755953834171,-44.63005065917969,35.85738100324358,7.928859710693359,7.232574462890625,8.65848159790039,2.1
286,Left Region 286,33,41.08599009658351,-45.027850179961234,38.121663989442766,12.192813873291016,6.881126403808594,5.6211090087890625,3.3000000000000003
287,Left Region 287,27,38.15026728312174,-52.36650594075521,41.2914828547725,11.241649627685547,7.527626037597656,5.817699432373047,2.7
288,Left Region 288,30,51.04922180175781,-57.06218032836914,44.84490394592285,8.011436462402344,11.596336364746094,10.029693603515625,3.0
289,Left Region 289,29,40.5861780890103,-58.644828138680296,45.908133145036366,12.024829864501953,12.388385772705078,7.304161071777344,2.9000000000000004
290,Left Region 290,29,32.04838305506213,-67.35426856731546,41.50063258203967,6.833864212036133,10.192375183105469,12.188674926757812,2.9000000000000004
291,Left Region 291,14,45.32316534859793,-65.81964111328125,38.01481601170131,6.350440979003906,7.151546478271484,7.409069061279297,1.4000000000000001
292,Left Region 292,20,41.00379600524902,-67.93566493988037,46.80243320465088,10.960247039794922,9.880867004394531,10.224174499511719,2.0
293,Left Region 293,17,39.45004788567038,-76.16964407528148,38.38735445807962,10.999446868896484,7.3187103271484375,11.908397674560547,1.7000000000000002
294,Left Region 294,9,31.201205359564888,-68.62538062201605,31.359524408976238,2.1183204650878906,7.164794921875,7.039972305297852,0.9
295,Left Region 295,12,32.1818733215332,-74.48144276936848,22.160507043202717,4.021720886230469,6.618408203125,7.132158279418945,1.2000000000000002
296,Left Region 296,17,34.401115866268384,-79.37479041604435,32.474891886991614,6.432498931884766,10.461639404296875,13.195425033569336,1.7000000000000002
297,Left Region 297,19,41.231854689748666,-83.54702959562603,22.738358748586553,9.050888061523438,7.9441986083984375,13.802963256835938,1.9000000000000001
298,Left Region 298,18,43.11256832546658,-72.40071063571506,27.059369193183052,5.189384460449219,9.61273193359375,8.607536315917969,1.8
299,Left Region 299,15,45.69842656453451,-75.29535725911458,16.890320014953613,5.014530181884766,9.71173095703125,10.101856231689453,1.5
300,Left Region 300,13,46.758607424222504,-70.51707517183743,11.450090114886944,7.618534088134766,9.067832946777344,6.965982437133789,1.3
301,Left Region 301,15,40.82504730224609,-64.22176793416341,14.603142929077148,2.9373245239257812,8.115669250488281,7.937429428100586,1.5
302,Left Region 302,19,44.54434103714792,-60.59117046155428,13.414474487304688,9.920337677001953,4.226356506347656,8.646452903747559,1.9000000000000001
303,Left Region 303,17,43.1420633652631,-65.1887803919175,21.02934242697323,8.650203704833984,7.649539947509766,5.430126190185547,1.7000000000000002
304,Left Region 304,18,49.02201949225532,-65.72058889600966,29.529597494337295,7.254428863525391,6.499515533447266,11.881017684936523,1.8
305,Left Region 305,26,48.942338503324066,-57.74428998506986,26.55810385483962,8.453083038330078,8.355850219726562,10.632522583007812,2.6
306,Left Region 306,14,49.78665515354702,-58.44986261640276,36.03389440264021,3.85772705078125,7.1903076171875,5.3058013916015625,1.4000000000000001
307,Left Region 307,21,54.08908135550363,-54.010709308442614,30.598864873250324,10.479240417480469,3.8257827758789062,11.019620895385742,2.1
308,Left Region 308,25,50.87647247314453,-48.435444030761715,19.72494686126709,9.254547119140625,7.886905670166016,8.911901473999023,2.5
309,Left Region 309,21,45.56829797653925,-52.06202116466704,20.272602717081707,2.5277442932128906,6.361835479736328,9.363222122192383,2.1
310,Left Region 310,24,50.43248955408732,-55.35817893346151,16.37416136264801,7.007099151611328,13.928638458251953,9.14245319366455,2.4000000000000004
311,Left Region 311,43,9.785388963167058,-42.282914272574494,66.35581508902617,11.901929140090942,5.740810394287109,19.902591705322266,4.3
312,Left Region 312,27,8.185347945601851,-47.54012708310728,62.08897018432617,10.460820198059082,8.480487823486328,16.566402435302734,2.7
313,Left Region 313,41,4.879397723732925,-54.88976055238305,55.924894751572026,4.632725954055786,17.826480865478516,12.47915267944336,4.1000000000000005
314,Left Region 314,17,5.52593121809118,-44.2591864641975,46.595373041489545,8.28313946723938,6.357921600341797,11.006534576416016,1.7000000000000002
315,Left Region 315,18,12.995256847805447,-44.20877435472276,50.68209563361274,6.2909746170043945,4.907474517822266,10.157600402832031,1.8
316,Left Region 316,11,7.01982738754966,-39.90377911654386,43.27424378828569,10.894598484039307,4.307044982910156,3.6717681884765625,1.1
317,Left Region 317,22,10.497947606173428,-48.65140776200728,38.46626281738281,9.509325981140137,5.1601715087890625,9.083297729492188,2.2
318,Left Region 318,22,7.406634466214613,-52.646971615878016,29.23312317241322,9.701682448387146,6.224983215332031,8.091106414794922,2.2
319,Left Region 319,20,10.049188375473022,-52.856326293945315,37.396168899536136,5.20485258102417,5.4337921142578125,9.171730041503906,2.0
320,Left Region 320,27,6.001440163011904,-53.2487090781883,46.83017504656756,5.640536785125732,11.109447479248047,8.770111083984375,2.7
321,Left Region 321,48,4.965646197398503,-66.3442165851593,46.47323719660441,5.03013014793396,16.533306121826172,18.403751373291016,4.800000000000001
322,Left Region 322,19,4.964173241665489,-59.19402674624794,37.99630797536749,4.701881647109985,9.597640991210938,10.104949951171875,1.9000000000000001
323,Left Region 323,25,11.256661586761474,-68.114951171875,31.501401138305663,14.061866283416748,7.0535888671875,10.824466705322266,2.5
324,Left Region 324,40,12.79498599767685,-74.0231861114502,39.90065755844116,14.583432674407959,8.900764465332031,13.011207580566406,4.0
325,Left Region 325,48,-35.30752499898275,-25.251368125279743,12.045894980430603,7.226016998291016,11.84514045715332,13.64759874343872,4.800000000000001
326,Left Region 326,11,18.231998963789508,-72.19168853759766,27.857190565629438,3.2952404022216797,8.291961669921875,11.127254486083984,1.1
327,Left Region 327,14,17.395702498299734,-64.71800286429269,26.39718505314418,8.252769470214844,5.630619049072266,7.683238983154297,1.4000000000000001
328,Left Region 328,8,21.681519985198975,-62.076626777648926,19.511894464492798,1.7279911041259766,4.563884735107422,6.284400939941406,0.8
329,Left Region 329,16,15.455405354499817,-60.63443875312805,21.054506540298462,11.095504760742188,6.713554382324219,4.782907485961914,1.6
330,Left Region 330,25,2.947394189834595,-63.50570114135742,27.90088836669922,5.1150805950164795,13.482505798339844,16.843528747558594,2.5
331,Left Region 331,21,3.0527886549631753,-54.552260080973305,19.351490202404204,5.183827042579651,11.360710144042969,14.01516056060791,2.1
332,Left Region 332,24,12.343225657939911,-58.48124806086222,13.215415120124817,11.8533353805542,5.933361053466797,10.84508752822876,2.4000000000000004
333,Left Region 333,12,20.102349758148193,-61.50883706410726,12.606555064519247,3.208913803100586,4.735748291015625,6.352914810180664,1.2000000000000002
334,Left Region 334,11,19.085798090154473,-65.72979146784002,16.593930764631793,6.437520980834961,7.329158782958984,8.331718444824219,1.1
335,Left Region 335,12,14.771547396977743,-73.80053583780925,22.838396390279133,7.571711540222168,7.846717834472656,6.771644592285156,1.2000000000000002
336,Left Region 336,11,7.925766175443476,-65.96736526489258,14.686015909368342,11.935238003730774,7.201286315917969,10.937894821166992,1.1
337,Left Region 337,15,5.928548049926758,-81.20987040201823,33.669975916544594,6.918379545211792,9.951713562011719,11.017782211303711,1.5
338,Left Region 338,20,15.360249233245849,-80.82827987670899,36.176375484466554,8.289703369140625,10.966583251953125,15.709064483642578,2.0
339,Left Region 339,11,3.6996167573061856,-73.71941930597478,21.55528987537731,7.6355074644088745,6.5482635498046875,11.560951232910156,1.1
340,Left Region 340,19,12.056980634990492,-88.96781640303762,29.805220453362715,9.852469444274902,2.9689712524414062,16.911176681518555,1.9000000000000001
341,Left Region 341,19,9.455832882931357,-92.82939710115132,16.607361843711452,10.337005138397217,8.684516906738281,7.787128448486328,1.9000000000000001
342,Left Region 342,20,3.9948932945728304,-83.63669776916504,22.896534729003907,5.008832097053528,10.773902893066406,13.243005752563477,2.0
343,Left Region 343,18,3.2811283800337048,-88.009763929579,10.975123484929403,3.509584426879883,17.561546325683594,10.780293464660645,1.8
344,Left Region 344,14,12.701960120882307,-93.83585466657367,2.741335025855473,8.699680805206299,7.6503448486328125,8.472877025604248,1.4000000000000001
345,Left Region 345,7,12.425021171569824,-83.19531141008649,7.029326166425433,5.055931091308594,3.249053955078125,4.211834907531738,0.7000000000000001
346,Left Region 346,12,12.386837085088095,-78.52199490865071,7.452015399932861,5.972832679748535,5.4414215087890625,6.061707496643066,1.2000000000000002
347,Left Region 347,6,9.795851548512777,-71.04962793986003,8.619781653086344,5.146196365356445,8.169952392578125,2.5821828842163086,0.6000000000000001
348,Left Region 348,14,16.75529568535941,-69.86973680768695,7.49825736454555,5.460107803344727,6.188751220703125,5.179469585418701,1.4000000000000001
349,Left Region 349,14,21.56369740622384,-65.62285423278809,6.04419960294451,7.351596832275391,6.018096923828125,1.9528145790100098,1.4000000000000001
350,Left Region 350,4,13.264835119247437,-68.82105827331543,10.247083306312561,4.023374557495117,8.041618347167969,4.260919094085693,0.4
351,Left Region 351,11,5.243228424679149,-74.03220089999112,11.712709686972879,9.734410643577576,10.2945556640625,5.154170036315918,1.1
352,Left Region 352,5,11.811437225341797,-76.61464080810546,11.822831726074218,3.2205066680908203,5.63531494140625,2.4952011108398438,0.5
353,Left Region 353,13,9.351216279543364,-88.61231349064754,5.309719984348003,7.683730125427246,11.8909912109375,4.068773984909058,1.3
354,Left Region 354,22,12.517438715154475,-97.08171567049894,-9.565611752596768,11.453539848327637,7.9896240234375,12.545533657073975,2.2
355,Left Region 355,40,20.541812467575074,-91.72791347503662,-12.762780237197877,23.79416561126709,13.830917358398438,8.822990417480469,4.0
356,Left Region 356,25,31.57688056945801,-95.2916748046875,-9.937670850753785,13.251964569091797,12.396202087402344,13.354480266571045,2.5
357,Left Region 357,22,27.720801960338246,-96.04858814586292,-0.6409956355028871,11.980201721191406,13.781745910644531,8.348155498504639,2.2
358,Left Region 358,19,15.820001802946392,-101.44501535516036,-4.01313278726057,11.276938438415527,8.596321105957031,17.012331008911133,1.9000000000000001
359,Left Region 359,17,26.747305813957663,-96.35949617273667,12.643399042241713,9.202518463134766,7.251091003417969,12.966753959655762,1.7000000000000002
360,Left Region 360,19,29.836584091186523,-89.35629192151521,5.553404092788696,4.365928649902344,9.535209655761719,9.124945282936096,1.9000000000000001
361,Left Region 361,11,30.124567552046344,-88.54203310879794,15.242830276489258,7.294651031494141,6.5375518798828125,6.230681419372559,1.1
362,Left Region 362,21,16.38868168422154,-102.3660659790039,6.222856887749264,16.619460105895996,5.391822814941406,12.988188028335571,2.1
363,Left Region 363,16,13.263990134000778,-98.11061477661133,13.962220132350922,12.873976707458496,8.143600463867188,5.8818559646606445,1.6
364,Left Region 364,18,20.923628277248806,-90.40708965725369,19.855414708455402,10.456134796142578,10.730743408203125,2.851469039916992,1.8
365,Left Region 365,14,25.5554233278547,-83.20539093017578,17.482214042118617,6.176362991333008,5.923957824707031,7.575082778930664,1.4000000000000001
366,Left Region 366,15,35.05118103027344,-85.18175303141275,16.34093640645345,7.220645904541016,6.7576446533203125,12.866055488586426,1.5
367,Left Region 367,15,34.93695119222005,-82.55119120279947,5.146826779842376,7.673557281494141,5.1415252685546875,10.01814478635788,1.5
368,Left Region 368,28,43.48108713967459,-85.42331559317452,-9.882028737238475,10.630146026611328,11.017967224121094,15.56359350681305,2.8000000000000003
369,Left Region 369,11,41.27613691850142,-85.0733642578125,2.1872489384629508,11.520095825195312,6.404777526855469,6.797985076904297,1.1
370,Left Region 370,16,40.58802580833435,-79.21172761917114,10.583192348480225,6.7330780029296875,6.298606872558594,8.941529750823975,1.6
371,Left Region 371,16,49.35342526435852,-78.75123405456543,4.690849417820573,4.430233001708984,8.349418640136719,13.721195936203003,1.6
372,Left Region 372,17,45.85533254286822,-71.02001818488625,2.4642706846489624,7.016567230224609,10.311805725097656,8.232297778129578,1.7000000000000002
373,Left Region 373,9,8.64978822072347,-86.77842119004991,0.901888883776135,5.176806449890137,9.905250549316406,4.38383150100708,0.9
374,Left Region 374,19,3.785018807963321,-88.21092063502262,-7.722848562817824,6.1700252294540405,15.492874145507812,17.01634442806244,1.9000000000000001
375,Left Region 375,9,2.2608970271216497,-73.34308709038629,6.952071958118015,3.52326500415802,10.433692932128906,7.074753999710083,0.9
376,Left Region 376,23,8.540009954701299,-78.14637026579484,-6.79264000835626,11.306821346282959,13.830223083496094,14.525006592273712,2.3000000000000003
377,Left Region 377,10,20.415216541290285,-77.65049057006836,-11.222913074493409,8.74636173248291,5.403755187988281,7.073809623718262,1.0
378,Left Region 378,14,18.7851608140128,-70.92588424682617,-8.739910772868566,8.831454277038574,12.685256958007812,5.272958755493164,1.4000000000000001
379,Left Region 379,10,23.321112442016602,-65.06149711608887,3.8175156354904174,7.175594329833984,5.358509063720703,2.43959641456604,1.0
380,Left Region 380,17,25.984778684728287,-53.73824355181526,-9.356115509481992,15.273750305175781,8.60980224609375,3.995241165161133,1.7000000000000002
381,Left Region 381,7,22.454655238560267,-60.60513033185686,2.2232159035546437,8.856927871704102,7.3326416015625,2.3230180740356445,0.7000000000000001
382,Left Region 382,21,9.58833001908802,-64.91245378766742,-3.5386647071157182,13.658612728118896,16.11248016357422,12.064221620559692,2.1
383,Left Region 383,10,4.13757244348526,-63.92982864379883,6.782233834266663,7.3524967432022095,6.025226593017578,7.0743372440338135,1.0
384,Left Region 384,7,17.00744424547468,-57.11944852556501,1.9846596153719085,8.033136367797852,7.963512420654297,3.97536850720644,0.7000000000000001
385,Left Region 385,17,9.463466447942396,-56.671978670008045,0.5378026506480049,8.622905254364014,15.989372253417969,13.210006713867188,1.7000000000000002
386,Left Region 386,11,21.06745546514338,-59.10866477272727,6.108508977023038,8.361946105957031,6.365058898925781,2.6714935302734375,1.1
387,Left Region 387,14,12.423473153795515,-45.006901604788645,-0.95209929559912,8.104644775390625,7.679496765136719,6.305230617523193,1.4000000000000001
388,Left Region 388,12,21.33746576309204,-52.8920259475708,0.6681563009818395,5.041999816894531,2.955413818359375,5.4767773151397705,1.2000000000000002
389,Left Region 389,20,16.712698888778686,-47.37473678588867,-3.9260100066661834,10.635331153869629,7.639457702636719,6.673385381698608,2.0
390,Left Region 390,14,22.090920175824845,-83.89487566266742,-12.906605107443673,12.899641036987305,8.573097229003906,8.200392723083496,1.4000000000000001
391,Left Region 391,42,32.55835560389927,-77.98109308878581,-14.29133921577817,15.649234771728516,18.685691833496094,9.251056671142578,4.2
392,Left Region 392,12,44.961723963419594,-75.51152801513672,-6.084994256496429,4.959564208984375,9.664360046386719,10.055137872695923,1.2000000000000002
393,Left Region 393,18,26.70346408420139,-69.28272416856554,-11.003710879219902,8.15365982055664,10.280891418457031,12.806903839111328,1.8
394,Left Region 394,13,46.50685735849234,-73.02794353778546,-13.058261101062481,4.187664031982422,8.856834411621094,12.858983039855957,1.3
395,Left Region 395,21,48.68963423229399,-63.50037220546177,-9.094541788101196,11.819976806640625,7.908103942871094,9.968569993972778,2.1
396,Left Region 396,37,40.82610104535077,-63.625134339203704,-17.19987724922799,13.93670654296875,20.716976165771484,9.211997985839844,3.7
397,Left Region 397,16,25.50238037109375,-63.55203437805176,-8.767772287130356,8.972738265991211,6.3062591552734375,9.705334186553955,1.6
398,Left Region 398,26,28.633711081284744,-56.57364038320688,-12.912448424559374,8.154529571533203,11.833812713623047,13.033504486083984,2.6
399,Left Region 399,25,46.05937408447266,-56.50488418579101,-15.527860679626464,12.604652404785156,7.164180755615234,10.307513236999512,2.5
400,Left Region 400,57,44.122814780787415,-46.25501813386616,-21.032754429599695,23.301895141601562,15.872562408447266,11.913455963134766,5.7
401,Left Region 401,17,24.39523068596335,-47.23162774478688,-10.79274065354291,16.867311477661133,10.23443603515625,5.81706428527832,1.7000000000000002
402,Left Region 402,19,31.938539404618112,-44.71788727609735,-11.883009960776882,10.160772323608398,7.73370361328125,9.71308708190918,1.9000000000000001
403,Left Region 403,10,27.41322441101074,-39.013104629516604,-14.629358100891114,10.937477111816406,7.6370849609375,8.421586990356445,1.0
404,Left Region 404,8,33.79078555107117,-34.892807960510254,-17.402077198028564,7.986448287963867,1.9146080017089844,3.5392532348632812,0.8
405,Left Region 405,15,30.701152928670247,-40.15603917439778,-17.743101374308267,10.05069351196289,8.352970123291016,10.054036140441895,1.5
406,Left Region 406,48,31.84148112932841,-28.675439675649006,-25.04007375240326,13.98602294921875,16.103961944580078,14.136922836303711,4.800000000000001
407,Left Region 407,73,25.660982517346945,-21.794844522868118,-14.210563097914605,34.682575702667236,11.814925193786621,12.295339584350586,7.300000000000001
408,Left Region 408,31,31.690017392558435,-13.717951005504977,-18.09365007954259,19.999202728271484,5.963529586791992,13.138656616210938,3.1
409,Left Region 409,29,29.74453570924956,-8.644752716195994,-21.59005829383587,15.648935317993164,5.475454807281494,16.015552520751953,2.9000000000000004
410,Left Region 410,35,38.35522722516741,-9.68064650126866,-39.46251613071987,16.934654235839844,16.864814281463623,15.919960021972656,3.5
411,Left Region 411,51,29.239293528538123,-3.1659296482217076,-40.589466992546534,15.799989700317383,29.89743423461914,15.790321350097656,5.1000000000000005
412,Left Region 412,131,13.7326626431851,-32.82689576476585,-1.8172349675295463,23.45757484436035,28.10738754272461,20.852428913116455,13.100000000000001
413,Left Region 413,52,29.851357460021973,-36.868267646202675,-2.2875986494697056,12.607547760009766,7.860668182373047,13.69486665725708,5.2
414,Left Region 414,23,20.565940442292586,-31.470436593760613,-15.167915136917777,10.910541534423828,13.240243911743164,16.46317195892334,2.3000000000000003
415,Left Region 415,39,33.214672920031425,-30.58075616298578,-9.412064796839005,20.41576385498047,9.43771743774414,10.7618408203125,3.9000000000000004
416,Left Region 416,13,28.091067240788387,-25.26887820317195,-15.140201128446138,13.446544647216797,6.387359619140625,8.183874130249023,1.3
417,Left Region 417,16,27.06152606010437,-19.298956334590912,-20.956397652626038,14.402923583984375,10.205698013305664,9.216463088989258,1.6
418,Left Region 418,24,21.731202602386475,-12.905953447024027,-26.00108504295349,13.21566390991211,13.689478397369385,9.617437362670898,2.4000000000000004
419,Left Region 419,53,25.372671811085826,-2.9807338078137278,-23.482683037811857,10.926643371582031,11.331687211990356,18.664616584777832,5.300000000000001
420,Left Region 420,20,24.22968978881836,8.515549689531326,-35.683488273620604,10.047769546508789,14.419263482093811,15.188095092773438,2.0
421,Left Region 421,13,40.246108715350815,20.628197816702034,-31.017310949472282,9.666248321533203,6.680365562438965,14.916187286376953,1.3
422,Left Region 422,14,32.604824611118865,17.159183161599294,-35.05398505074637,10.051338195800781,8.490302085876465,15.225652694702148,1.4000000000000001
423,Left Region 423,18,45.280269622802734,-64.40422206454807,0.7770057753142383,6.309909820556641,7.4020233154296875,8.180408716201782,1.8
424,Left Region 424,11,59.122370633212,-51.439818295565516,-6.815352309833873,9.468116760253906,4.483642578125,8.671436786651611,1.1
425,Left Region 425,16,58.15300393104553,-56.98436379432678,-7.407383024692535,7.502544403076172,9.069629669189453,14.100722074508667,1.6
426,Left Region 426,22,53.47485230185769,-59.832162857055664,-1.5925915397026322,12.368114471435547,5.6894073486328125,6.40560257434845,2.2
427,Left Region 427,17,61.63813691980698,-44.53866262996898,-10.101636690251967,10.948219299316406,10.13516616821289,7.258482933044434,1.7000000000000002
428,Left Region 428,16,59.236117124557495,-50.63256335258484,-17.848061084747314,5.294273376464844,15.798255920410156,12.174813270568848,1.6
429,Left Region 429,31,58.58022812874086,-40.73966746176443,-22.30478932780604,14.82827377319336,12.038555145263672,15.41964054107666,3.1
430,Left Region 430,9,56.88092931111654,-32.39780192905002,-23.464054743448894,3.064411163330078,5.652715682983398,11.71701431274414,0.9
431,Left Region 431,9,61.97832743326823,-32.9036021762424,-18.651098251342773,11.258514404296875,4.893985748291016,3.0443572998046875,0.9
432,Left Region 432,21,60.02638480776832,-26.48657853262765,-23.681135722569056,10.95578384399414,7.942144393920898,15.229394912719727,2.1
433,Left Region 433,56,45.455038683755056,-30.537513290132797,-26.441174234662736,20.04137420654297,16.811323165893555,14.048059463500977,5.6000000000000005
434,Left Region 434,22,44.14515686035156,-19.349918712269176,-29.889306155118074,15.61123275756836,7.123249053955078,15.544668197631836,2.2
435,Left Region 435,21,61.15516172136579,-19.299994105384464,-26.828149250575475,8.594184875488281,10.654115676879883,14.922782897949219,2.1
436,Left Region 436,20,57.20253353118896,-13.133272314071656,-31.72052221298218,10.826889038085938,12.767680168151855,13.443065643310547,2.0
437,Left Region 437,23,39.41795249607252,-16.056122240812883,-31.651896518209707,15.21273422241211,11.167802810668945,14.265922546386719,2.3000000000000003
438,Left Region 438,20,51.15394248962402,-8.04634997844696,-38.745036602020264,9.786636352539062,12.668476581573486,16.77560043334961,2.0
439,Left Region 439,45,41.24014417860243,4.373621716764238,-15.70106872982449,9.97750473022461,13.042268753051758,18.122024536132812,4.5
440,Left Region 440,37,45.879799920159414,1.3417264637914863,-38.23902161056931,22.97946548461914,13.817821979522705,15.788030624389648,3.7
441,Left Region 441,38,31.373781605770713,5.867637508793881,-22.473167319046823,10.02564811706543,9.851678252220154,13.377960205078125,3.8000000000000003
442,Left Region 442,21,47.1115346636091,-61.17703701200939,8.082955996195475,7.308799743652344,6.217380523681641,7.049407005310059,2.1
443,Left Region 443,18,59.08562681410048,-54.11952930026584,8.69949052731196,11.366539001464844,7.466449737548828,11.762055039405823,1.8
444,Left Region 444,19,55.588007274426914,-60.92106246948242,6.567101553866737,10.999164581298828,6.3799591064453125,10.470465660095215,1.9000000000000001
445,Left Region 445,11,61.635957891290836,-47.91699808294123,5.0262174877253445,10.390338897705078,8.231239318847656,6.746046245098114,1.1
446,Left Region 446,15,66.98349838256836,-42.465081532796226,-2.1556912918885547,7.432777404785156,10.749267578125,8.958860397338867,1.5
447,Left Region 447,12,55.334690729777016,-38.772013664245605,-2.2786370807637772,7.964275360107422,6.899879455566406,3.982736773788929,1.2000000000000002
448,Left Region 448,14,65.29892430986676,-34.45770263671875,-6.885441030774798,11.488372802734375,9.662473678588867,7.632354259490967,1.4000000000000001
449,Left Region 449,8,59.23517990112305,-26.901099920272827,-9.176625430583954,5.883277893066406,9.285236358642578,3.670959949493408,0.8
450,Left Region 450,14,68.4001715523856,-27.55999497004918,-11.632154056004115,5.5624847412109375,11.583940505981445,8.727665901184082,1.4000000000000001
451,Left Region 451,18,50.93209542168511,-26.223965538872612,-8.941059483422173,8.621139526367188,11.890918731689453,4.8911004066467285,1.8
452,Left Region 452,10,65.8033660888672,-18.214252948760986,-12.87814884185791,9.17733383178711,6.779040336608887,7.499876022338867,1.0
453,Left Region 453,5,56.87960968017578,-14.438348388671875,-15.182462692260742,4.743244171142578,7.039150238037109,5.531637191772461,0.5
454,Left Region 454,13,50.76106438269982,-18.78764504652757,-12.18035338475154,6.190692901611328,4.300285339355469,7.161458969116211,1.3
455,Left Region 455,26,53.421853432288536,-12.399909551327045,-13.202347700412457,9.802433013916016,12.481720924377441,12.900577545166016,2.6
456,Left Region 456,12,65.56948248545329,-9.62693178653717,-18.426140785217285,7.141014099121094,12.22797441482544,11.157156944274902,1.2000000000000002
457,Left Region 457,8,53.92771768569946,-8.164262026548386,-20.23639726638794,8.063777923583984,8.279276609420776,3.274616241455078,0.8
458,Left Region 458,16,60.37603282928467,0.9106765345204622,-27.132162928581238,8.453865051269531,14.054398536682129,11.664268493652344,1.6
459,Left Region 459,10,51.997444534301756,-3.4045945048332213,-21.96665515899658,4.154548645019531,4.810803651809692,4.967430114746094,1.0
460,Left Region 460,14,52.81158583504813,8.504482473645892,-25.633909634181432,6.219451904296875,11.858121871948242,9.599344253540039,1.4000000000000001
461,Left Region 461,26,46.45648457453801,12.494165640610914,-35.28261580834022,19.342884063720703,10.901898384094238,16.012481689453125,2.6
462,Left Region 462,30,48.554503504435225,-44.69500363667806,12.483144855499267,9.75771713256836,8.845008850097656,7.153740882873535,3.0
463,Left Region 463,17,51.475589752197266,-45.87395252900965,7.993337743422565,7.532524108886719,7.615638732910156,6.688908576965332,1.7000000000000002
464,Left Region 464,5,58.72340316772461,-42.35758743286133,1.0431282699108124,6.200664520263672,2.326374053955078,3.8866788148880005,0.5
465,Left Region 465,21,54.162674313499814,-38.56509544735863,6.401183497338068,11.267250061035156,8.364147186279297,11.26015317440033,2.1
466,Left Region 466,20,54.59902458190918,-31.383139228820802,-1.1818340137600898,14.848175048828125,10.04659652709961,4.062692165374756,2.0
467,Left Region 467,25,48.18781967163086,-40.01973266601563,3.3706673842668535,5.231117248535156,5.032688140869141,9.135643243789673,2.5
468,Left Region 468,19,47.71713136371813,-35.15380216899671,-1.8777276320677054,5.6770172119140625,5.958881378173828,6.691671371459961,1.9000000000000001
469,Left Region 469,13,59.853194603553185,-33.778205137986404,19.009493607741135,12.660907745361328,4.279561996459961,8.037862777709961,1.3
470,Left Region 470,34,62.71251757004682,-39.69711831036736,10.872271828791675,9.784339904785156,11.19677734375,17.845253586769104,3.4000000000000004
471,Left Region 471,19,66.2538783424779,-32.15557088349995,12.649904075421786,9.871841430664062,8.328876495361328,9.355913639068604,1.9000000000000001
472,Left Region 472,16,50.74593925476074,-32.53294372558594,14.85918539762497,10.217365264892578,5.562948226928711,7.792157173156738,1.6
473,Left Region 473,15,43.247886912027994,-29.897158940633137,12.196351369222006,8.028263092041016,7.875492095947266,5.373248100280762,1.5
474,Left Region 474,19,51.291070436176504,-24.739072096975224,8.956790748395418,10.052597045898438,9.454261779785156,4.491950511932373,1.9000000000000001
475,Left Region 475,7,61.38091223580496,-23.033318655831472,8.601308618273054,8.01572036743164,10.270858764648438,2.3176441192626953,0.7000000000000001
476,Left Region 476,23,67.21950929061227,-27.39129124517026,4.231260852564288,8.446853637695312,11.010978698730469,10.91001570224762,2.3000000000000003
477,Left Region 477,14,56.773402622767854,-17.17194468634469,5.554648978369577,8.708442687988281,11.133025169372559,4.494199752807617,1.4000000000000001
478,Left Region 478,25,65.91268249511718,-18.064201049804687,0.6190169036388398,8.846561431884766,13.41983699798584,11.626224994659424,2.5
479,Left Region 479,36,41.464438332451714,-18.507617712020874,-1.187370160077181,7.328289031982422,9.611703872680664,11.722264289855957,3.6
480,Left Region 480,11,54.259375832297586,-4.451569974422455,-0.39035878025672655,7.525238037109375,10.301403403282166,7.892912149429321,1.1
481,Left Region 481,17,64.63075009514304,-8.619245416977826,-1.0576815780471354,5.953575134277344,9.71624755859375,10.253568410873413,1.7000000000000002
482,Left Region 482,7,47.60326222011021,-14.090255192347936,-0.49091632132019314,3.8555030822753906,6.016628265380859,5.124131917953491,0.7000000000000001
483,Left Region 483,34,50.65875827564913,-25.94175204108743,-5.35460785557242,13.73965835571289,13.449630737304688,5.39700984954834,3.4000000000000004
484,Left Region 484,22,42.57848219438033,-12.857745604081588,-5.533956436440349,8.270565032958984,7.023550033569336,13.535034894943237,2.2
485,Left Region 485,10,61.6422607421875,0.8059150278568268,-2.286106276512146,5.368080139160156,8.120325088500977,6.05409049987793,1.0
486,Left Region 486,7,48.825249263218474,-7.8447065353393555,-6.878350700650897,4.013713836669922,5.138276100158691,5.875611066818237,0.7000000000000001
487,Left Region 487,4,51.92852592468262,4.318518191576004,-6.335647106170654,4.690483093261719,5.032480597496033,5.265346050262451,0.4
488,Left Region 488,16,60.79873490333557,-0.9329259991645813,-9.998214215040207,6.807239532470703,17.365861892700195,8.224141597747803,1.6
489,Left Region 489,43,42.459956767947176,-5.991508263488148,-8.792684327724368,5.082572937011719,12.938752055168152,15.351697564125061,4.3
490,Left Region 490,5,47.382904815673825,3.9097501903772356,-15.376925468444824,2.6779708862304688,9.657720014452934,4.196990966796875,0.5
491,Left Region 491,14,55.35320200238909,10.74654735837664,-10.23793615613665,11.284248352050781,5.799083709716797,10.430171012878418,1.4000000000000001
492,Left Region 492,10,46.70671081542969,-2.1026691675186155,-13.277196598052978,7.540069580078125,6.213612198829651,9.05688762664795,1.0
493,Left Region 493,4,46.0920991897583,7.6308159828186035,-18.209425449371338,1.6194915771484375,5.596498489379883,2.9395217895507812,0.4
494,Left Region 494,10,51.257595443725585,17.155491638183594,-17.492988967895506,7.8657073974609375,4.9182634353637695,8.312500953674316,1.0
495,Left Region 495,8,40.82051753997803,9.6198490858078,-23.166577100753784,6.792564392089844,3.9468932151794434,5.50346565246582,0.8
496,Left Region 496,6,44.36559867858887,18.521456400553387,-21.74069118499756,7.147708892822266,4.945947647094727,5.126150131225586,0.6000000000000001
497,Left Region 497,10,50.69916763305664,-13.606430721282958,5.79658317565918,7.501319885253906,8.482901573181152,6.4001078605651855,1.0
498,Left Region 498,24,39.98469893137614,-22.222435235977173,6.042100106676419,10.506797790527344,6.778665542602539,9.867364287376404,2.4000000000000004
499,Left Region 499,39,36.51628396449945,-23.634130771343525,11.875132389557667,7.114799499511719,13.138595581054688,10.4762282371521,3.9000000000000004
500,Right Region 500,70,-14.349638972963605,5.276749830267259,-18.02242512021746,16.13713550567627,29.28365135192871,12.516000747680664,7.0
501,Right Region 501,57,-30.545957899930183,10.989614607995016,-19.176110853228653,18.010517120361328,15.574515581130981,17.422614097595215,5.7
502,Right Region 502,30,-32.391964467366535,18.800533707936605,-9.632615168889364,14.61021614074707,14.707261085510254,8.28108835220337,3.0
503,Right Region 503,24,-32.54773267110189,23.803449789683025,-2.168206753830115,10.432403564453125,13.206783294677734,8.597817420959473,2.4000000000000004
504,Right Region 504,9,-32.0054800245497,29.254958470662434,0.5219411096639104,3.8869590759277344,3.9058303833007812,3.4762603044509888,0.9
505,Right Region 505,16,-35.860923647880554,23.71669828891754,-10.015290260314941,12.270109176635742,4.814582824707031,11.540489673614502,1.6
506,Right Region 506,13,-34.64314812880296,20.189456352820763,-19.169785793011005,10.223188400268555,5.702659606933594,9.414745330810547,1.3
507,Right Region 507,29,-36.967300743892274,32.50227974201071,-15.852221982232455,15.37666130065918,14.492630004882812,12.958728790283203,2.9000000000000004
508,Right Region 508,19,-25.579168620862458,34.46068844042326,-13.150169472945365,8.414411544799805,6.762004852294922,7.8569841384887695,1.9000000000000001
509,Right Region 509,31,-22.700022912794545,24.64231220368416,-20.980006156429166,13.336898803710938,15.969196319580078,10.605219841003418,3.1
510,Right Region 510,19,-11.538700655887002,20.89629544709858,-21.267186215049342,8.314689636230469,9.316474914550781,9.860940933227539,1.9000000000000001
511,Right Region 511,24,-10.717327098051706,29.437108198801678,-24.564286788304646,10.744750022888184,12.288219451904297,10.668523788452148,2.4000000000000004
512,Right Region 512,28,-7.598701545170376,42.6754241670881,-26.42320646558489,9.732669115066528,19.808124542236328,8.89399528503418,2.8000000000000003
513,Right Region 513,13,-18.565697743342472,38.87843234722431,-22.398923287024864,10.150676727294922,12.606647491455078,8.581228256225586,1.3
514,Right Region 514,11,-30.58581577647816,25.648738687688653,4.848031434145841,2.895599365234375,6.837923049926758,4.578189373016357,1.1
515,Right Region 515,13,-25.930457481971153,44.33816498976488,-14.148455619812012,5.149667739868164,12.24747085571289,4.762475967407227,1.3
516,Right Region 516,15,-18.94609546661377,52.47403284708659,-18.301812489827473,13.414022445678711,13.486961364746094,9.833919525146484,1.5
517,Right Region 517,8,-27.42210364341736,58.017436027526855,-6.741440534591675,7.454395294189453,7.7035064697265625,7.106524467468262,0.8
518,Right Region 518,12,-20.073472181955974,59.8800843556722,-7.913149734338124,7.153711318969727,7.968269348144531,10.086344480514526,1.2000000000000002
519,Right Region 519,14,-10.152018768446785,61.02570097787039,-18.788589818137034,15.105382204055786,6.7687835693359375,11.437108993530273,1.4000000000000001
520,Right Region 520,21,-45.990756080264134,28.181826818557013,-13.404388813745408,7.445209503173828,10.150583267211914,10.467589855194092,2.1
521,Right Region 521,16,-46.735289335250854,39.23287892341614,-10.663730174303055,7.986316680908203,6.823722839355469,13.487778663635254,1.6
522,Right Region 522,9,-44.06045362684462,46.83373557196723,-11.768168873257107,3.9311141967773438,7.842075347900391,8.226608276367188,0.9
523,Right Region 523,18,-35.52018398708768,45.61328125,-14.841557343800863,11.456323623657227,14.818733215332031,5.534303665161133,1.8
524,Right Region 524,13,-40.68735738900992,49.089282696063705,-2.8298714390167823,3.3500900268554688,11.521087646484375,9.200298547744751,1.3
525,Right Region 525,13,-35.39633648212139,56.989905430720405,-7.029614696135888,11.50314712524414,5.587963104248047,13.607345819473267,1.3
526,Right Region 526,8,-11.149477541446686,63.22752285003662,-10.747521042823792,12.548903465270996,9.274009704589844,4.740840911865234,0.8
527,Right Region 527,15,-10.35745735168457,66.97390518188476,-2.546564456323783,15.587426662445068,5.238758087158203,10.896100044250488,1.5
528,Right Region 528,129,-2.693954091201457,2.8502722558125044,-7.665044453601505,7.205057442188263,42.34869956970215,31.734426975250244,12.9
529,Right Region 529,12,-3.3417876164118447,23.582467397054035,-18.389682690302532,3.987151861190796,9.535850524902344,12.265837669372559,1.2000000000000002
530,Right Region 530,8,-2.1221373975276947,33.726446866989136,-25.651553630828857,4.242496311664581,6.673633575439453,14.4808349609375,0.8
531,Right Region 531,9,-2.6671497027079263,26.19069692823622,-25.553820504082573,4.2622562646865845,10.016548156738281,13.822906494140625,0.9
532,Right Region 532,12,-3.2690370877583823,26.290500005086262,-10.841763893763224,2.3582193851470947,10.376581192016602,7.324468612670898,1.2000000000000002
533,Right Region 533,13,-6.598366774045504,35.844787304218,-12.346349642826961,6.4445624351501465,8.53109359741211,3.602781295776367,1.3
534,Right Region 534,11,-2.4484095031564888,40.16548676924272,-21.552373192527078,4.055401563644409,9.84368896484375,13.161645889282227,1.1
535,Right Region 535,14,-3.334791660308838,49.12700598580496,-18.619559356144496,4.588590383529663,14.768821716308594,16.327414512634277,1.4000000000000001
536,Right Region 536,11,-9.633598284287887,44.51864797418768,-6.955780549482866,4.446147441864014,4.906349182128906,8.00391435623169,1.1
537,Right Region 537,8,-9.916996955871582,47.077149868011475,-1.5798087492585182,3.80092716217041,3.121967315673828,4.513233959674835,0.8
538,Right Region 538,10,-5.991019606590271,52.018894577026366,-5.067284268140793,5.551685094833374,10.551822662353516,9.38875013589859,1.0
539,Right Region 539,12,-3.4236307740211487,58.56873321533203,-11.176644444465637,4.391380429267883,13.081375122070312,14.0324068069458,1.2000000000000002
540,Right Region 540,15,-39.65172780354818,30.02956746419271,-3.380334039529165,6.787193298339844,4.487787246704102,6.02381557226181,1.5
541,Right Region 541,23,-49.922349349312164,32.857899458512016,-6.138071876505147,7.283550262451172,8.84080696105957,13.344880163669586,2.3000000000000003
542,Right Region 542,19,-43.914539537931745,40.69458730597245,1.554416929420672,9.26611328125,11.161548614501953,8.402947902679443,1.9000000000000001
543,Right Region 543,13,-44.43843900240385,33.76331300001878,9.743779035714956,9.734088897705078,8.655927658081055,7.214015007019043,1.3
544,Right Region 544,24,-52.5621534983317,28.57265504201253,5.50451401496927,8.856681823730469,10.10968017578125,13.878729343414307,2.4000000000000004
545,Right Region 545,19,-40.55165983501234,25.758004740664834,3.4341605854661843,9.23507308959961,8.551801681518555,5.932381600141525,1.9000000000000001
546,Right Region 546,9,-32.81396696302626,27.178971608479817,4.774636891153124,3.6155147552490234,5.193731307983398,5.919241309165955,0.9
547,Right Region 547,44,-34.158129301938146,14.149841807105325,5.8884859698062595,11.902605056762695,13.860392570495605,16.06282329559326,4.4
548,Right Region 548,22,-35.54569417780096,20.471078872680664,7.528058994900096,11.64779281616211,8.046112060546875,6.021173715591431,2.2
549,Right Region 549,15,-49.96717046101888,20.890355428059895,7.157279046376546,12.69577407836914,5.074977874755859,7.337376117706299,1.5
550,Right Region 550,33,-37.07677321000533,7.599932504422737,8.26173278057214,10.013080596923828,11.217962503433228,8.207138538360596,3.3000000000000003
551,Right Region 551,23,-46.60370884770932,10.952939199364703,-0.26000682232172595,12.154716491699219,13.629606246948242,7.667638778686523,2.3000000000000003
552,Right Region 552,16,-52.852383852005005,16.51334834098816,8.33603484928608,10.814483642578125,6.358997344970703,13.031373262405396,1.6
553,Right Region 553,18,-53.50927374098036,19.497446007198757,20.5296114815606,9.972881317138672,12.19489860534668,11.607033729553223,1.8
554,Right Region 554,12,-46.59592501322428,26.16623338063558,18.12747057278951,8.69024658203125,6.197780609130859,7.024007797241211,1.2000000000000002
555,Right Region 555,14,-41.29028647286551,18.059368746621267,23.397878101893834,8.200019836425781,7.9476165771484375,4.823936462402344,1.4000000000000001
556,Right Region 556,19,-42.61337721975226,7.960884244818437,22.882958361977025,9.899703979492188,7.5363593101501465,5.877988815307617,1.9000000000000001
557,Right Region 557,21,-50.76122629074823,10.033670402708507,15.299118041992188,10.526752471923828,9.095934867858887,13.076421737670898,2.1
558,Right Region 558,11,-22.79082575711337,56.365137273615055,-1.058275505900383,3.015920639038086,10.982696533203125,4.517882823944092,1.1
559,Right Region 559,10,-28.486486625671386,52.32528076171875,-0.3318039417266846,6.815380096435547,4.503791809082031,5.906156063079834,1.0
560,Right Region 560,12,-24.880821704864502,55.6387243270874,5.897210041681926,4.89208984375,10.707332611083984,9.021864175796509,1.2000000000000002
561,Right Region 561,12,-27.16160837809245,49.667942682902016,8.549696842829386,5.653436660766602,4.896297454833984,7.335299015045166,1.2000000000000002
562,Right Region 562,18,-36.17144457499186,53.73349825541178,4.702446344825956,12.277511596679688,4.671119689941406,9.891066133975983,1.8
563,Right Region 563,13,-40.53910152728741,44.96332550048828,8.129479114825909,4.539447784423828,11.376075744628906,8.166288375854492,1.3
564,Right Region 564,15,-38.96714324951172,49.3323855082194,16.35503578186035,6.117439270019531,10.229316711425781,9.865412712097168,1.5
565,Right Region 565,14,-29.897402899605886,49.77203723362514,15.779372896466937,7.504327774047852,5.614406585693359,7.173604965209961,1.4000000000000001
566,Right Region 566,15,-27.892117309570313,39.68429133097331,21.53722407023112,6.3364410400390625,8.590171813964844,8.029407501220703,1.5
567,Right Region 567,14,-35.36824757712228,45.34804207938058,22.755532128470286,9.435087203979492,10.277606964111328,8.671524047851562,1.4000000000000001
568,Right Region 568,12,-38.00725142161051,39.367625872294106,13.35845915476481,4.9087677001953125,6.5768280029296875,8.729475975036621,1.2000000000000002
569,Right Region 569,12,-39.199612617492676,32.30192120869955,14.738595883051554,5.4166259765625,6.838466644287109,5.989667892456055,1.2000000000000002
570,Right Region 570,18,-44.43630133734809,34.871273570590546,20.565706464979385,6.697055816650391,12.098428726196289,5.931602478027344,1.8
571,Right Region 571,14,-43.35660035269601,38.07179260253906,27.458032063075475,7.002544403076172,10.062999725341797,8.543476104736328,1.4000000000000001
572,Right Region 572,16,-34.825945258140564,35.17144703865051,33.3026407957077,9.328950881958008,7.875873565673828,10.624382019042969,1.6
573,Right Region 573,18,-28.531073782179092,36.2902634938558,31.28868007659912,6.669918060302734,4.370677947998047,11.927658081054688,1.8
574,Right Region 574,15,-44.036216481526694,30.402851486206053,32.1059009552002,9.216567993164062,5.785701751708984,7.619709014892578,1.5
575,Right Region 575,21,-44.790521530877974,26.7789797101702,25.881164823259628,7.1901702880859375,11.463178634643555,10.624683380126953,2.1
576,Right Region 576,15,-39.71332372029622,23.117799377441408,23.48368593851725,4.822845458984375,5.938854217529297,8.354181289672852,1.5
577,Right Region 577,14,-6.954700469970703,56.54798943655832,4.0754948407411575,5.591063022613525,10.736473083496094,7.948909431695938,1.4000000000000001
578,Right Region 578,14,-8.221923964364189,66.96387890407017,8.245524457522801,10.260205268859863,6.374912261962891,12.982439756393433,1.4000000000000001
579,Right Region 579,11,-19.94713817943226,64.86235878684305,5.707912076603282,11.047080993652344,4.094245910644531,11.390020370483398,1.1
580,Right Region 580,13,-16.319082040053146,63.22691139808068,15.495966764596792,13.223743438720703,7.686641693115234,7.060136795043945,1.3
581,Right Region 581,15,-5.5576909701029455,61.60415344238281,17.704337247212727,3.6959967613220215,12.582145690917969,13.233206748962402,1.5
582,Right Region 582,12,-5.590510567029317,53.64640553792318,12.779756943384806,2.729886054992676,10.929996490478516,10.193371772766113,1.2000000000000002
583,Right Region 583,8,-9.269574463367462,49.02136278152466,3.4533219784498215,5.616360664367676,3.4149703979492188,7.458288550376892,0.8
584,Right Region 584,12,-11.266897678375244,41.65675640106201,16.143786271413166,3.7075624465942383,8.403938293457031,10.822778701782227,1.2000000000000002
585,Right Region 585,14,-6.077109200613839,45.46628597804478,20.89753552845546,6.335350513458252,9.933975219726562,12.050599098205566,1.4000000000000001
586,Right Region 586,14,-5.305597117968968,57.72514370509556,28.59739453451974,5.412449359893799,11.912490844726562,11.129167556762695,1.4000000000000001
587,Right Region 587,8,-14.871658444404602,55.43955373764038,28.467477321624756,7.438895225524902,8.135883331298828,7.650911331176758,0.8
588,Right Region 588,11,-21.61914652044123,55.44202769886363,25.42506963556463,6.84368896484375,8.237842559814453,8.217573165893555,1.1
589,Right Region 589,16,-25.53908061981201,53.46260356903076,18.95810693502426,2.787382125854492,14.67873764038086,10.622949600219727,1.6
590,Right Region 590,13,-24.95132695711576,43.618558150071365,24.963251554048977,2.811748504638672,10.309417724609375,11.150148391723633,1.3
591,Right Region 591,19,-20.641292873181794,40.151464562667044,37.786468505859375,9.805864334106445,5.397113800048828,13.425189971923828,1.9000000000000001
592,Right Region 592,18,-22.344402101304794,46.40202988518609,35.40947956509061,10.944343566894531,9.984146118164062,11.490665435791016,1.8
593,Right Region 593,24,-13.163917541503906,50.90456565221151,39.38735500971476,13.779685974121094,15.207271575927734,14.645137786865234,2.4000000000000004
594,Right Region 594,11,-4.4335712736303154,49.391139637340196,33.37960156527433,2.7158713340759277,10.638824462890625,9.558406829833984,1.1
595,Right Region 595,12,-4.544197539488475,38.182566006978355,33.40898513793945,2.71756911277771,9.173675537109375,11.942880630493164,1.2000000000000002
596,Right Region 596,22,-9.21241318095814,32.95458568226207,24.522832350297406,6.659597873687744,10.358264923095703,7.528114318847656,2.2
597,Right Region 597,12,-9.495235880215963,25.135880788167317,30.727193514506023,4.369561195373535,5.53559684753418,7.857025146484375,1.2000000000000002
598,Right Region 598,12,-5.289324402809143,29.90146525700887,35.66256205240885,3.59531307220459,9.354496002197266,9.507171630859375,1.2000000000000002
599,Right Region 599,15,-5.417848730087281,46.36156107584635,44.94646021525065,8.955465316772461,10.330291748046875,13.109004974365234,1.5
600,Right Region 600,16,-8.049125224351883,3.6225723437964916,42.9159836769104,3.8959317207336426,5.824691593647003,7.170230865478516,1.6
601,Right Region 601,19,-22.58328006142064,33.298609482614616,36.29096984863281,9.297279357910156,6.984121322631836,5.941230773925781,1.9000000000000001
602,Right Region 602,12,-23.081995964050293,25.826354503631592,37.77523962656657,3.0336246490478516,8.416791915893555,6.097248077392578,1.2000000000000002
603,Right Region 603,14,-22.07401398250035,33.615201813834055,46.119744709559846,5.131826400756836,13.031726837158203,10.724334716796875,1.4000000000000001
604,Right Region 604,10,-4.292756342887879,37.78562431335449,47.877160263061526,3.170440196990967,8.34341812133789,10.519947052001953,1.0
605,Right Region 605,14,-3.839905721800668,27.707111494881765,47.066908427647185,2.0327320098876953,8.532842636108398,11.605480194091797,1.4000000000000001
606,Right Region 606,13,-6.161916549389179,19.13620611337515,42.75586935190054,3.937966823577881,7.283201217651367,9.57894515991211,1.3
607,Right Region 607,18,-9.576152351167467,14.750424808926052,37.82576052347819,3.3307433128356934,6.1274824142456055,6.545696258544922,1.8
608,Right Region 608,30,-9.210362553596497,28.61291281382243,57.77125956217448,10.987507820129395,25.853763580322266,14.075935363769531,3.0
609,Right Region 609,23,-18.034055585446566,30.11649645929751,54.65247344970703,9.998839378356934,19.949026107788086,11.622982025146484,2.3000000000000003
610,Right Region 610,10,-23.38927631378174,23.038400650024414,46.78206520080566,3.46649169921875,7.367206573486328,11.131061553955078,1.0
611,Right Region 611,9,-24.155968560112846,11.961273193359375,51.87683868408203,5.052524566650391,4.5777692794799805,4.6325225830078125,0.9
612,Right Region 612,17,-21.98597290936638,17.796209671918085,57.54208172068876,11.67802619934082,8.467964172363281,11.750377655029297,1.7000000000000002
613,Right Region 613,17,-4.929393487818101,19.120619829963236,55.78746144911822,4.282012939453125,11.99338150024414,15.399723052978516,1.7000000000000002
614,Right Region 614,16,-7.537848323583603,11.466881811618805,45.95855164527893,3.7277050018310547,7.745553970336914,8.21554946899414,1.6
615,Right Region 615,17,-8.350636005401611,-1.430285070091486,44.62702291152056,5.4865875244140625,6.211376905441284,6.8528900146484375,1.7000000000000002
616,Right Region 616,14,-6.018620082310268,5.19875716311591,53.859124592372346,2.0457005500793457,7.277833580970764,11.171089172363281,1.4000000000000001
617,Right Region 617,19,-5.489135767284193,12.421518476385819,63.99574601022821,9.023211479187012,10.027079582214355,13.830265045166016,1.9000000000000001
618,Right Region 618,19,-19.378260512101022,10.733129024505615,61.161109924316406,9.567001342773438,8.736682415008545,12.043819427490234,1.9000000000000001
619,Right Region 619,16,-22.45159101486206,5.478269375860691,52.30418109893799,4.149229049682617,7.2010122537612915,5.9009857177734375,1.6
620,Right Region 620,11,-22.449664029208098,-3.1941998682238837,51.443673914129086,2.1337051391601562,6.50891986489296,6.376384735107422,1.1
621,Right Region 621,21,-20.943518502371653,1.8138997143223172,66.19485437302362,6.3930206298828125,13.072972774505615,15.391956329345703,2.1
622,Right Region 622,34,-9.753211792777567,0.7354037823045955,69.57662200927734,13.969894170761108,17.041472911834717,9.9437255859375,3.4000000000000004
623,Right Region 623,12,-3.595577120780945,-0.7392503097653389,57.89448642730713,3.1083898544311523,9.526122093200684,11.76607894897461,1.2000000000000002
624,Right Region 624,18,-4.371506929397583,-7.581407361560398,50.635289933946396,5.13682222366333,12.300033569335938,8.538734436035156,1.8
625,Right Region 625,22,-20.882758660749957,-8.605812712149186,61.586756619540125,3.711183547973633,10.213794946670532,13.264739990234375,2.2
626,Right Region 626,23,-6.883474702420442,-8.241802568021027,65.11895005599312,5.074479103088379,8.459245204925537,14.150794982910156,2.3000000000000003
627,Right Region 627,15,-36.45646692911784,5.765028381347657,28.389682388305665,2.9441146850585938,7.269467830657959,5.564090728759766,1.5
628,Right Region 628,22,-37.014632831920274,14.810393290086227,27.578127947720613,5.941322326660156,9.077119827270508,7.787084579467773,2.2
629,Right Region 629,18,-45.17704221937392,21.571342839135063,37.214270485772026,7.2820892333984375,10.579638481140137,10.294933319091797,1.8
630,Right Region 630,20,-37.12369184494018,28.773543548583984,40.88199443817139,10.989179611206055,9.303049087524414,11.043785095214844,2.0
631,Right Region 631,16,-26.92862629890442,24.549132466316223,39.380945444107056,5.979631423950195,11.199405670166016,6.694175720214844,1.6
632,Right Region 632,19,-26.950258255004883,16.22638928262811,44.32595423648232,7.436147689819336,8.238805770874023,7.4014739990234375,1.9000000000000001
633,Right Region 633,24,-31.115385452906292,11.050774594148,54.51382493972778,13.052520751953125,12.10098648071289,10.615604400634766,2.4000000000000004
634,Right Region 634,14,-43.04672377450125,17.50494725363595,46.92508915492466,5.651760101318359,9.446815490722656,13.081954956054688,1.4000000000000001
635,Right Region 635,15,-38.620138295491536,9.466756375630696,34.18261896769206,6.315738677978516,11.728154182434082,7.330808639526367,1.5
636,Right Region 636,16,-40.73346018791199,7.7024118304252625,41.438976526260376,4.62396240234375,7.80825138092041,7.578350067138672,1.6
637,Right Region 637,23,-41.15381638900094,6.353037797886392,52.75499974126401,9.165550231933594,10.92220914363861,12.59634017944336,2.3000000000000003
638,Right Region 638,18,-33.70825163523356,23.850670708550346,48.88004387749566,9.01301383972168,11.542060852050781,10.618465423583984,1.8
639,Right Region 639,22,-27.51619997891513,-0.04532819884744557,51.38931378451261,12.113855361938477,8.033945798873901,8.510433197021484,2.2
640,Right Region 640,64,-38.85218703746796,-2.534020829858491,8.54558342229575,8.012393951416016,18.63850212097168,19.32264232635498,6.4
641,Right Region 641,26,-43.67840840266301,-3.912984948318738,9.152770005739653,8.884037017822266,12.974108219146729,10.94192361831665,2.6
642,Right Region 642,34,-56.049320220947266,-2.9413023278774584,4.795281713499742,13.93978500366211,13.594857692718506,9.952988028526306,3.4000000000000004
643,Right Region 643,29,-56.07291951672784,7.194937270263146,5.06584344804287,9.558296203613281,9.29444169998169,15.357646942138672,2.9000000000000004
644,Right Region 644,17,-49.935228908763214,5.803892331964829,16.924869537353516,10.471702575683594,1.9051527976989746,10.970715522766113,1.7000000000000002
645,Right Region 645,18,-57.666283501519096,7.295220375061035,21.211661020914715,10.837810516357422,3.8825416564941406,11.150863647460938,1.8
646,Right Region 646,28,-60.894595282418386,-2.5031783197607314,15.702823264258248,5.730110168457031,12.410693645477295,14.381067276000977,2.8000000000000003
647,Right Region 647,18,-58.4160164727105,-3.0490201165278754,31.00570668114556,9.454463958740234,10.760340690612793,13.70627212524414,1.8
648,Right Region 648,13,-42.86535556499775,4.6178666444925165,26.13025298485389,9.987934112548828,4.232753753662109,6.307458877563477,1.3
649,Right Region 649,15,-54.5356814066569,5.930724986394247,30.922483317057292,11.688213348388672,6.11163592338562,9.504785537719727,1.5
650,Right Region 650,18,-42.105508380466034,1.1515300917025242,33.27730337778727,7.634986877441406,3.2889765202999115,7.558280944824219,1.8
651,Right Region 651,19,-53.51483314915707,0.48118462031216996,37.70136401527807,11.728836059570312,5.629099369049072,9.867561340332031,1.9000000000000001
652,Right Region 652,12,-49.57684071858724,-8.898458361625671,28.404895464579266,6.307758331298828,4.408829689025879,7.305812835693359,1.2000000000000002
653,Right Region 653,17,-44.388763427734375,-13.137011359719668,32.14432738809025,7.587677001953125,5.727680206298828,7.424034118652344,1.7000000000000002
654,Right Region 654,16,-43.756263732910156,-14.810230255126953,39.266095876693726,9.983470916748047,6.074777603149414,11.036067962646484,1.6
655,Right Region 655,21,-53.69009417579288,-6.995937422627494,45.117767333984375,8.266822814941406,11.809876531362534,13.803596496582031,2.1
656,Right Region 656,12,-47.52959028879801,2.7821345130602517,43.61112117767334,8.890792846679688,4.694864273071289,11.125381469726562,1.2000000000000002
657,Right Region 657,17,-38.519859089570886,-2.6900143487043406,47.75045731488396,9.060413360595703,5.452074241649825,7.139549255371094,1.7000000000000002
658,Right Region 658,22,-46.85404448075728,-4.342746268619191,50.86683724143288,10.224502563476562,12.06577467918396,7.822479248046875,2.2
659,Right Region 659,21,-41.12890334356399,-14.086281322297596,50.389398847307476,10.876873016357422,4.717548370361328,13.462448120117188,2.1
660,Right Region 660,21,-36.254148574102494,-18.96650559561593,39.717582520984465,4.939868927001953,4.268581390380859,8.008308410644531,2.1
661,Right Region 661,17,-35.76741925407858,-20.874260958503275,46.113594728357654,5.156288146972656,7.108819961547852,4.556461334228516,1.7000000000000002
662,Right Region 662,20,-38.902614784240725,-20.221450424194337,54.98202629089356,6.712928771972656,11.040243148803711,13.059471130371094,2.0
663,Right Region 663,20,-40.82185611724854,-9.318100094795227,60.70457515716553,10.832950592041016,9.010091304779053,10.226943969726562,2.0
664,Right Region 664,13,-35.04656718327449,-6.730480304131141,49.84954892672025,7.603614807128906,4.2214837074279785,9.118892669677734,1.3
665,Right Region 665,22,-27.71418978951194,-7.455710237676447,48.483258334073156,8.105003356933594,6.604730606079102,4.196788787841797,2.2
666,Right Region 666,18,-25.365096939934624,-10.347822666168213,54.77721977233887,7.7370452880859375,5.797039031982422,8.080101013183594,1.8
667,Right Region 667,14,-25.30770206451416,-13.598309244428362,64.32336888994489,9.525360107421875,4.950807571411133,13.700370788574219,1.4000000000000001
668,Right Region 668,18,-33.79938846164279,-13.650366730160183,65.94334899054633,9.889663696289062,9.600374221801758,14.80111312866211,1.8
669,Right Region 669,31,-29.003177519767515,-24.561159872239635,63.663557975522934,15.738664627075195,5.684579849243164,15.837944030761719,3.1
670,Right Region 670,13,-23.79296742952787,-27.322530306302586,54.51941006000225,7.619373321533203,3.2037582397460938,4.863319396972656,1.3
671,Right Region 671,10,-17.947214889526368,-28.202733039855957,60.91694526672363,5.329437255859375,3.600790023803711,8.494453430175781,1.0
672,Right Region 672,24,-21.466727415720623,-17.66368854045868,70.58498891194661,11.776330947875977,7.714199066162109,12.452754974365234,2.4000000000000004
673,Right Region 673,39,-13.83525098898472,-14.007911877754408,69.65871938069661,10.640798091888428,11.122769355773926,13.30154800415039,3.9000000000000004
674,Right Region 674,22,-13.451324722983621,-25.616417538036,73.75391283902255,15.890297889709473,8.003639221191406,11.017196655273438,2.2
675,Right Region 675,9,-12.571109983656141,-33.077892515394424,62.61037063598633,3.1725339889526367,3.743326187133789,4.089931488037109,0.9
676,Right Region 676,27,-3.8400520748562283,-20.890524157771356,67.83721429330332,4.466406345367432,13.963643074035645,15.367801666259766,2.7
677,Right Region 677,21,-4.774235271272206,-26.79361852010091,58.23661095755441,4.824519395828247,9.998310089111328,11.221908569335938,2.1
678,Right Region 678,22,-3.0241523655978115,-39.62956688620827,64.2609696821733,6.301546692848206,12.91375732421875,13.82339096069336,2.2
679,Right Region 679,11,-4.003977255387739,-34.227027372880414,53.107086875221945,5.711583614349365,8.873556137084961,8.455615997314453,1.1
680,Right Region 680,14,-7.203383428709848,-38.11195428030832,71.01269149780273,6.948831796646118,7.184181213378906,12.472122192382812,1.4000000000000001
681,Right Region 681,13,-11.716246054722713,-38.259810814490685,51.728663811316856,8.437377452850342,5.06890869140625,8.513675689697266,1.3
682,Right Region 682,24,-15.65437094370524,-34.44894059499105,42.28219207127889,4.979388236999512,9.02324104309082,6.104862213134766,2.4000000000000004
683,Right Region 683,17,-10.016228002660414,-28.742949766271256,46.46403346342199,9.2412748336792,9.594682693481445,6.519615173339844,1.7000000000000002
684,Right Region 684,29,-11.919939238449622,-18.699738403846478,42.49852331753435,6.065097808837891,10.098989486694336,8.027942657470703,2.9000000000000004
685,Right Region 685,17,-5.334442601484411,-20.850106632008274,49.59600807638729,7.536791086196899,10.031108856201172,9.03322982788086,1.7000000000000002
686,Right Region 686,18,-3.5604596932729087,-14.266797436608208,58.831403732299805,4.9903929233551025,9.118104934692383,13.616825103759766,1.8
687,Right Region 687,47,-1.6519883379657219,27.46589687022757,-0.163208044589834,3.285209447145462,23.78496742248535,18.070361137390137,4.7
688,Right Region 688,12,-5.497449556986491,41.402965227762856,-7.458879272143046,8.450800895690918,6.8600921630859375,7.028862953186035,1.2000000000000002
689,Right Region 689,28,-5.412658678633826,42.4041748046875,5.1606144805971,10.190934538841248,10.514591217041016,13.00136947631836,2.8000000000000003
690,Right Region 690,15,-6.37505267461141,39.11951904296875,15.723406028747558,10.763086557388306,7.2740325927734375,9.966552734375,1.5
691,Right Region 691,75,-1.6379775627454123,20.118638525009157,16.013421522776287,3.8734667897224426,30.77897572517395,21.053661346435547,7.5
692,Right Region 692,15,-8.875974829991659,20.780806732177734,32.55750681559245,7.797566175460815,6.892560958862305,7.111419677734375,1.5
693,Right Region 693,31,-2.451887571042584,12.75484457323628,27.658003837831558,6.438938617706299,15.79779863357544,17.885663986206055,3.1
694,Right Region 694,14,-7.099388871874128,9.148923328944615,38.80616215297154,5.336202383041382,7.691507339477539,4.6348114013671875,1.4000000000000001
695,Right Region 695,33,-2.0175371233260995,2.9310199270645776,32.55517254453717,2.9708053171634674,12.18904995918274,18.94303321838379,3.3000000000000003
696,Right Region 696,29,-8.247671558939178,-8.284221566956619,44.24618793356007,9.66534674167633,9.043559551239014,6.792694091796875,2.9000000000000004
697,Right Region 697,108,-1.794258544428481,-8.53193417439858,20.605977095939494,3.5592630803585052,20.799464225769043,36.42408752441406,10.8
698,Right Region 698,22,-5.802281767129898,-15.967074697667902,42.01934589039195,10.70405900478363,11.635154724121094,3.9504470825195312,2.2
699,Right Region 699,73,-2.352480232613544,-24.773142409651246,27.423074996634707,5.774731267243624,16.34250831604004,26.85310649871826,7.300000000000001
700,Right Region 700,18,-7.472153226534526,-26.262941784328884,42.447240617540146,11.619434356689453,10.704910278320312,5.390403747558594,1.8
701,Right Region 701,14,-14.436515535627093,-27.99950913020543,39.976496832711355,3.879636764526367,8.296041488647461,3.2464599609375,1.4000000000000001
702,Right Region 702,16,-6.281601630151272,-35.64664340019226,44.00690817832947,11.048434615135193,9.480499267578125,3.5487899780273438,1.6
703,Right Region 703,32,-2.7753614597022533,-35.514464139938354,31.906634211540222,5.013249695301056,11.960208892822266,14.542945861816406,3.2
704,Right Region 704,12,-8.197941223780314,-41.79771900177002,35.85536289215088,7.032186985015869,6.213893890380859,7.026409149169922,1.2000000000000002
705,Right Region 705,10,-5.829633152484893,-47.725089645385744,32.37629165649414,8.476657271385193,6.392871856689453,2.4530086517333984,1.0
706,Right Region 706,56,-2.5494612118096223,-42.797267471040996,21.86039391585759,6.529153347015381,21.294981002807617,15.408968925476074,5.6000000000000005
707,Right Region 707,32,-4.372894741594791,-52.60439896583557,9.378532148897648,6.702192068099976,17.24441909790039,12.345787763595581,3.2
708,Right Region 708,21,-16.807678313482377,-57.030013311476935,4.392513791720073,12.81913948059082,6.253944396972656,5.125354886054993,2.1
709,Right Region 709,156,-5.555851447849702,-31.66946269915654,2.823687295154788,15.801964282989502,35.48121929168701,30.794452667236328,15.600000000000001
710,Right Region 710,24,-51.78270022074381,-12.819011727968851,11.040829221407572,15.000198364257812,6.545436859130859,7.2618513107299805,2.4000000000000004
711,Right Region 711,22,-64.63784009760076,-11.972336682406338,14.176919677040793,5.084690093994141,10.813817977905273,11.539387702941895,2.2
712,Right Region 712,51,-39.72653721828087,-15.53191551507688,15.565786342994839,11.752632141113281,11.602967262268066,9.612595558166504,5.1000000000000005
713,Right Region 713,18,-54.796218660142685,-20.238867547776962,15.981083710988363,8.776958465576172,6.727916717529297,8.98040771484375,1.8
714,Right Region 714,21,-61.95975385393415,-18.729646773565385,23.26075417654855,6.591331481933594,7.338169097900391,14.291919708251953,2.1
715,Right Region 715,19,-63.840206146240234,-10.130866728330913,27.974415126599762,8.348155975341797,8.903776168823242,10.91046142578125,1.9000000000000001
716,Right Region 716,18,-57.0256896548801,-7.972113291422526,22.232630835639107,7.45538330078125,5.723418235778809,9.239538192749023,1.8
717,Right Region 717,13,-50.35580092210036,-12.726191227252666,30.89372913654034,9.624244689941406,5.919069290161133,8.507530212402344,1.3
718,Right Region 718,20,-60.25369644165039,-14.297399806976319,37.75746536254883,7.879016876220703,11.720231056213379,11.015392303466797,2.0
719,Right Region 719,30,-54.40555941263835,-22.963811429341636,35.07585461934408,9.102275848388672,7.893337249755859,11.355924606323242,3.0
720,Right Region 720,17,-56.10152794333065,-17.49433427698472,47.7315606509938,9.134563446044922,5.806609153747559,9.087608337402344,1.7000000000000002
721,Right Region 721,9,-52.19654210408529,-16.19071780310737,40.889037662082245,8.056194305419922,5.138629913330078,7.103736877441406,0.9
722,Right Region 722,12,-42.46463934580485,-19.676969051361084,37.01784610748291,8.28582763671875,3.675312042236328,6.974475860595703,1.2000000000000002
723,Right Region 723,12,-42.901798248291016,-19.48616361618042,45.56183656056722,9.670135498046875,2.496492385864258,7.71734619140625,1.2000000000000002
724,Right Region 724,21,-49.889075869605655,-27.238861992245628,45.01755796160017,10.693309783935547,6.961946487426758,11.174854278564453,2.1
725,Right Region 725,20,-41.577681922912596,-30.566733646392823,39.71633739471436,7.021331787109375,5.421054840087891,7.465599060058594,2.0
726,Right Region 726,25,-42.40644958496094,-34.66535049438477,51.30705215454102,11.590587615966797,6.905742645263672,15.185863494873047,2.5
727,Right Region 727,27,-50.52181314539026,-24.604188353927047,56.83665664107711,10.89810562133789,15.31622314453125,13.588203430175781,2.7
728,Right Region 728,17,-45.95141107895795,-18.80337148554185,55.239926282097315,8.728336334228516,7.888136863708496,10.613723754882812,1.7000000000000002
729,Right Region 729,32,-36.21707475185394,-26.652287781238556,51.197553277015686,10.357780456542969,7.0947113037109375,8.116790771484375,3.2
730,Right Region 730,30,-40.67816034952799,-28.85343468983968,63.790625,10.508869171142578,12.571792602539062,10.338935852050781,3.0
731,Right Region 731,35,-31.135121645246233,-36.76115755353655,60.314381517682754,16.568710327148438,4.488162994384766,13.752857208251953,3.5
732,Right Region 732,16,-32.04827797412872,-29.78184151649475,66.25634574890137,7.163459777832031,4.228069305419922,11.368526458740234,1.6
733,Right Region 733,16,-28.3063325881958,-28.315250396728516,53.352946281433105,8.580350875854492,3.2553863525390625,5.980400085449219,1.6
734,Right Region 734,11,-25.759917345913973,-30.267556277188387,67.91695646806197,8.989418029785156,4.1311492919921875,11.01938247680664,1.1
735,Right Region 735,10,-21.071167945861816,-30.301652908325195,58.3807975769043,5.275154113769531,1.7759990692138672,6.2474365234375,1.0
736,Right Region 736,28,-19.206817388534546,-33.42198378699167,72.95254353114537,12.693587303161621,8.957210540771484,12.330291748046875,2.8000000000000003
737,Right Region 737,8,-16.095797538757324,-32.075921297073364,60.070377826690674,3.6853628158569336,2.4516448974609375,3.8805389404296875,0.8
738,Right Region 738,8,-11.933367848396301,-34.34452533721924,71.30065441131592,6.579972267150879,3.2935142517089844,11.7728271484375,0.8
739,Right Region 739,15,-6.07480575243632,-32.36169319152832,70.88483022054037,10.23463225364685,9.457019805908203,8.171150207519531,1.5
740,Right Region 740,27,-46.40982832732024,-24.657978623001664,17.57812930919506,14.07088851928711,7.097906112670898,6.008090972900391,2.7
741,Right Region 741,31,-38.15498376661731,-30.551589965820312,17.704824632213963,10.253860473632812,10.430133819580078,5.210110664367676,3.1
742,Right Region 742,26,-46.26409237201397,-38.435057126558746,21.52132195692796,8.955924987792969,7.734737396240234,8.353500366210938,2.6
743,Right Region 743,18,-53.07287194993761,-31.8518771065606,16.932967556847466,15.921772003173828,8.02357292175293,8.475851058959961,1.8
744,Right Region 744,22,-60.21042771772905,-24.572551120411266,20.015220728787508,9.093498229980469,8.272512435913086,11.93519401550293,2.2
745,Right Region 745,31,-58.92181174985824,-26.20337055575463,32.958833632930634,7.482810974121094,10.550434112548828,13.724220275878906,3.1
746,Right Region 746,18,-64.76764149136014,-30.87739986843533,26.962360488043892,4.227199554443359,8.889822006225586,14.906164169311523,1.8
747,Right Region 747,19,-57.116444637900905,-37.28692466334293,28.034007223028887,10.56390380859375,5.841926574707031,10.601337432861328,1.9000000000000001
748,Right Region 748,18,-53.17889976501465,-42.60031509399414,28.03912904527452,9.930530548095703,4.947147369384766,8.358013153076172,1.8
749,Right Region 749,24,-59.17581637700399,-46.63002363840739,25.896074771881104,9.277130126953125,6.060550689697266,12.705318450927734,2.4000000000000004
750,Right Region 750,20,-57.546586227416995,-51.451843070983884,32.7189266204834,11.16522216796875,6.170612335205078,9.003812789916992,2.0
751,Right Region 751,33,-60.48563119136926,-38.8461826208866,38.94002151489258,5.906368255615234,13.49139404296875,13.461143493652344,3.3000000000000003
752,Right Region 752,28,-49.671675137111116,-29.14521108354841,36.689721652439665,11.238235473632812,6.495157241821289,6.251182556152344,2.8000000000000003
753,Right Region 753,15,-44.72244669596354,-34.3625602722168,39.49149983723958,8.304187774658203,7.435192108154297,6.387714385986328,1.5
754,Right Region 754,25,-52.2675749206543,-38.05179992675781,46.07085708618164,12.044944763183594,12.0833740234375,7.362880706787109,2.5
755,Right Region 755,20,-55.10433502197266,-49.37455024719238,40.23702144622803,8.460582733154297,7.491893768310547,11.208881378173828,2.0
756,Right Region 756,31,-47.85639953613281,-47.371906895791334,45.13089186145413,11.060413360595703,11.072242736816406,8.396114349365234,3.1
757,Right Region 757,35,-39.77279052734375,-43.17981349400112,39.96731937953404,8.093093872070312,9.797245025634766,5.653774261474609,3.5
758,Right Region 758,15,-37.826480611165366,-34.28995208740234,38.42623545328776,5.780574798583984,5.242179870605469,2.879852294921875,1.5
759,Right Region 759,24,-33.94226439793905,-38.179874897003174,41.964585622151695,4.810630798339844,6.503757476806641,7.5604400634765625,2.4000000000000004
760,Right Region 760,13,-28.059085552509014,-40.25628427358774,53.81287207970252,6.846647262573242,4.445148468017578,2.3267364501953125,1.3
761,Right Region 761,20,-13.476956129074097,-43.33809871673584,58.27222118377686,7.595951080322266,4.1347198486328125,8.525634765625,2.0
762,Right Region 762,41,-13.441317151232463,-45.021096206292874,72.35431615317741,12.592397212982178,15.741870880126953,13.757255554199219,4.1000000000000005
763,Right Region 763,46,-22.885578694550887,-43.73762644892154,62.08352263077445,8.924449920654297,13.94839096069336,14.874942779541016,4.6000000000000005
764,Right Region 764,18,-33.9570009443495,-42.54957241482205,54.9776677025689,11.885002136230469,7.048301696777344,7.364948272705078,1.8
765,Right Region 765,22,-36.15279180353338,-43.72718412225897,47.669414867054336,7.0015411376953125,10.55312728881836,10.621356964111328,2.2
766,Right Region 766,23,-32.69452841385551,-48.91057205200195,38.012663136357844,5.474365234375,6.719585418701172,7.849586486816406,2.3000000000000003
767,Right Region 767,24,-33.85063695907593,-53.572338263193764,51.937709967295326,10.953344345092773,7.7607269287109375,11.120525360107422,2.4000000000000004
768,Right Region 768,25,-34.15036209106445,-50.05528839111328,62.74700256347656,13.344079971313477,9.380699157714844,10.801681518554688,2.5
769,Right Region 769,35,-18.536792973109655,-52.35548280988421,64.50594111851284,12.745763778686523,9.667930603027344,12.522113800048828,3.5
770,Right Region 770,31,-27.45884156996204,-60.05116813413559,60.61430457330519,15.65091323852539,9.77432632446289,12.776924133300781,3.1
771,Right Region 771,26,-29.37929916381836,-53.64407510023851,42.833757840670074,6.18426513671875,9.798362731933594,8.720073699951172,2.6
772,Right Region 772,36,-26.168791188134087,-61.18653594122993,49.97613472408719,6.5462188720703125,8.798927307128906,10.36343765258789,3.6
773,Right Region 773,40,-16.022268199920653,-60.13253221511841,63.48906478881836,15.600631713867188,11.821418762207031,7.299476623535156,4.0
774,Right Region 774,30,-14.02679303487142,-70.40401713053386,55.708516947428386,15.664877891540527,10.157035827636719,12.786418914794922,3.0
775,Right Region 775,16,-18.64936989545822,-67.38713455200195,49.734454870224,7.380677223205566,6.12847900390625,7.738025665283203,1.6
776,Right Region 776,17,-25.547367432538202,-63.85441095688764,43.342179466696344,9.300378799438477,3.4971923828125,5.617919921875,1.7000000000000002
777,Right Region 777,13,-22.646809651301457,-64.20545812753531,36.442405700683594,3.144775390625,6.9453125,6.556751251220703,1.3
778,Right Region 778,15,-19.87504857381185,-68.23216247558594,41.39791742960612,4.9657745361328125,8.863487243652344,9.714038848876953,1.5
779,Right Region 779,26,-16.387902186467098,-76.84892360980695,46.4888801574707,11.381277084350586,9.507080078125,7.799770355224609,2.6
780,Right Region 780,23,-16.071917119233504,-82.63841347072436,37.59756511190663,9.100067138671875,10.311882019042969,12.699586868286133,2.3000000000000003
781,Right Region 781,19,-23.50497727645071,-79.89858205694901,34.12121511760511,4.5520782470703125,14.715538024902344,13.679203033447266,1.9000000000000001
782,Right Region 782,18,-25.56420644124349,-68.19739405314128,29.017455842759873,4.445137023925781,8.242988586425781,8.304500579833984,1.8
783,Right Region 783,19,-27.715057874980726,-77.19577949925473,19.756283810264186,6.093034744262695,8.419441223144531,8.386100769042969,1.9000000000000001
784,Right Region 784,13,-21.48791034405048,-86.636719923753,23.77203075702374,8.675752639770508,5.20703125,10.160919189453125,1.3
785,Right Region 785,17,-13.077213511747473,-89.34479657341453,30.684973436243393,11.663655281066895,6.9635009765625,10.398296356201172,1.7000000000000002
786,Right Region 786,26,-52.198750275831955,-56.068137829120346,41.022571123563324,3.613422393798828,14.213485717773438,10.68011474609375,2.6
787,Right Region 787,26,-38.21447431124174,-50.82562784048227,36.45776176452637,8.600204467773438,7.733097076416016,4.6792449951171875,2.6
788,Right Region 788,29,-47.24962405500741,-57.70172842617693,42.99512258069269,9.431930541992188,13.605949401855469,7.039833068847656,2.9000000000000004
789,Right Region 789,18,-42.5185432434082,-64.9267618391249,47.14344724019369,8.605083465576172,10.458087921142578,4.8262481689453125,1.8
790,Right Region 790,27,-33.681995956986036,-57.646019264503764,39.441097259521484,10.94892692565918,7.804019927978516,6.937347412109375,2.7
791,Right Region 791,11,-35.97173569419167,-62.356435949152164,43.12893225929954,7.821268081665039,5.708656311035156,5.102451324462891,1.1
792,Right Region 792,24,-31.826044003168743,-69.31069644292195,45.224069595336914,9.43513298034668,11.720378875732422,9.12503433227539,2.4000000000000004
793,Right Region 793,12,-26.58181111017863,-66.33732255299886,35.901553789774574,4.86613655090332,6.4410858154296875,7.904476165771484,1.2000000000000002
794,Right Region 794,36,-41.62944030761719,-71.4476506974962,39.58785502115885,15.102119445800781,13.746086120605469,14.540374755859375,3.6
795,Right Region 795,18,-31.0102055867513,-79.1419300503201,36.0964289771186,4.381744384765625,12.798957824707031,13.922872543334961,1.8
796,Right Region 796,13,-28.730602264404297,-71.70462857759915,25.95681513272799,3.418935775756836,8.381462097167969,8.940093994140625,1.3
797,Right Region 797,10,30.90133419036865,-78.3287467956543,17.75698051452637,5.254138946533203,5.0151519775390625,5.621821403503418,1.0
798,Right Region 798,18,-35.83722994062636,-86.69889577229817,16.22885439130995,10.487199783325195,11.009117126464844,7.296674728393555,1.8
799,Right Region 799,16,-34.31397473812103,-83.79688739776611,24.27570402622223,8.099082946777344,9.634353637695312,11.339191436767578,1.6
800,Right Region 800,21,-41.44341078258696,-79.56213996523903,29.53161839076451,10.068702697753906,10.350074768066406,13.312528610229492,2.1
801,Right Region 801,24,-45.258167107899986,-75.68160692850749,22.167908589045208,6.921222686767578,12.358489990234375,11.612804412841797,2.4000000000000004
802,Right Region 802,15,-43.752018737792966,-70.10885162353516,16.721327209472655,3.7310867309570312,6.397331237792969,7.383023262023926,1.5
803,Right Region 803,12,-43.629210789998375,-64.22858270009358,20.092426776885986,6.903327941894531,7.558887481689453,6.981685638427734,1.2000000000000002
804,Right Region 804,15,-43.724412536621095,-67.43519999186198,29.138085556030273,8.195671081542969,8.169914245605469,8.506402969360352,1.5
805,Right Region 805,29,-44.544905695421946,-63.5556588008486,30.67336865129142,12.462352752685547,6.670509338378906,10.557437896728516,2.9000000000000004
806,Right Region 806,31,-52.32863592332409,-56.456668361540764,29.524555636990456,5.344810485839844,10.477951049804688,10.660820007324219,3.1
807,Right Region 807,21,-47.9822740100679,-55.91683306012835,20.878708839416504,8.191520690917969,8.140766143798828,9.936564445495605,2.1
808,Right Region 808,18,-40.57403310139974,-59.13490549723307,23.48282570309109,5.052528381347656,5.499237060546875,6.185407638549805,1.8
809,Right Region 809,21,-42.11063421340216,-55.820249648321244,15.81940728142148,6.701938629150391,6.971534729003906,7.474643707275391,2.1
810,Right Region 810,25,-44.069690551757816,-65.5832943725586,12.079270973205567,5.993846893310547,8.52541732788086,7.828604698181152,2.5
811,Right Region 811,45,-7.842769633399116,-58.69428939819336,57.7546873304579,6.538351058959961,15.362258911132812,18.996116638183594,4.5
812,Right Region 812,16,-8.161885887384415,-49.975635290145874,66.38947010040283,8.909294128417969,8.552982330322266,9.556217193603516,1.6
813,Right Region 813,14,-7.3550399371555875,-46.992776325770784,56.90057591029576,7.174178600311279,6.073341369628906,9.038532257080078,1.4000000000000001
814,Right Region 814,17,-4.3363118592430565,-50.63266193165499,52.64940822825712,2.211033582687378,9.510498046875,11.057273864746094,1.7000000000000002
815,Right Region 815,22,-15.13621239228682,-41.910628925670274,48.84800234707919,5.205770492553711,6.002410888671875,9.444599151611328,2.2
816,Right Region 816,13,-7.240809183854323,-41.91713215754582,46.09897936307467,8.874511241912842,5.071949005126953,8.756465911865234,1.3
817,Right Region 817,19,-6.1018193144547315,-51.81607497365851,44.47271567896793,5.686843633651733,9.710342407226562,6.9579925537109375,1.9000000000000001
818,Right Region 818,13,-10.800086424900936,-47.6749754685622,38.94588382427509,5.801344394683838,7.4149932861328125,5.8864288330078125,1.3
819,Right Region 819,17,-12.182572701398064,-50.00824737548828,33.167761970968805,3.9833850860595703,9.900688171386719,6.003662109375,1.7000000000000002
820,Right Region 820,19,-6.920966750697086,-55.34188140066046,26.34204814308568,6.706021785736084,5.709995269775391,9.097837448120117,1.9000000000000001
821,Right Region 821,14,-2.4233280079705373,-65.00672449384417,30.999887330191477,3.665335536003113,11.217761993408203,7.2069244384765625,1.4000000000000001
822,Right Region 822,19,-6.087601021716469,-56.28271464297646,37.07208191721063,6.325496435165405,9.647315979003906,10.52383041381836,1.9000000000000001
823,Right Region 823,13,-2.9469937544602613,-66.62421798706055,39.22384438147912,3.6845436096191406,11.47354507446289,9.376384735107422,1.3
824,Right Region 824,25,-6.485479021072388,-61.83461517333984,48.39251495361328,6.905619144439697,11.824348449707031,12.635311126708984,2.5
825,Right Region 825,26,-5.658311266165513,-74.12108524029071,45.025032190176155,7.768671035766602,9.91455078125,16.112468719482422,2.6
826,Right Region 826,18,-13.654732174343533,-75.03321499294705,38.808741887410484,8.276169776916504,6.2785186767578125,10.925674438476562,1.8
827,Right Region 827,12,-15.658308347066244,-67.84251340230306,27.346190293629963,4.6711835861206055,7.61834716796875,7.090524673461914,1.2000000000000002
828,Right Region 828,25,-10.216303653717041,-69.33142852783203,30.534724502563478,10.594840049743652,7.367301940917969,15.420860290527344,2.5
829,Right Region 829,13,-2.5209296895907474,-63.94948460505559,22.4304566016564,3.7023627161979675,9.639888763427734,10.240943908691406,1.3
830,Right Region 830,9,-13.90836927625868,60.47469287448459,22.646493911743164,9.297289848327637,6.043628692626953,7.351861953735352,0.9
831,Right Region 831,20,-18.129201555252074,-65.55166683197021,21.524996089935303,6.014398574829102,8.448341369628906,8.286401748657227,2.0
832,Right Region 832,31,-14.722346551956669,-61.84405517578125,14.401612666345411,10.569929122924805,6.213962554931641,12.94416856765747,3.1
833,Right Region 833,14,-3.2161131416048323,-59.06967462812151,15.69066504069737,4.316168785095215,11.167068481445312,10.047683715820312,1.4000000000000001
834,Right Region 834,18,-14.863355583614773,-74.99857415093317,24.000521235995823,5.744264602661133,5.797523498535156,11.46306037902832,1.8
835,Right Region 835,13,-5.1697474626394415,-83.95498539851262,33.36290652935322,7.350848913192749,9.130073547363281,9.794715881347656,1.3
836,Right Region 836,12,-6.145039816697438,-90.63091405232747,23.923020362854004,5.863053560256958,10.126220703125,11.891656875610352,1.2000000000000002
837,Right Region 837,13,-4.013148587483626,-93.90403395432692,13.024098322941708,8.50028544664383,9.370277404785156,7.9332122802734375,1.3
838,Right Region 838,9,-2.2779925796720715,-85.40723419189453,19.35218683878581,2.84536612033844,6.036766052246094,11.05556869506836,0.9
839,Right Region 839,10,-5.75149974822998,-78.38346939086914,25.971609687805177,8.077321767807007,4.254364013671875,8.593748092651367,1.0
840,Right Region 840,7,-5.287172896521432,-73.57765415736607,20.978349140712194,7.720608472824097,4.391197204589844,4.386119842529297,0.7000000000000001
841,Right Region 841,15,-15.293551953633626,-67.58955637613933,15.764398892720541,8.493592262268066,6.687255859375,8.417871475219727,1.5
842,Right Region 842,19,-9.679290646000913,-87.1322105809262,3.064060620571438,3.9146766662597656,9.642242431640625,7.790657877922058,1.9000000000000001
843,Right Region 843,10,-9.690491676330566,-74.87972793579101,6.216514778137207,7.057872772216797,9.461784362792969,2.4061789512634277,1.0
844,Right Region 844,18,-11.486231989330715,-77.01345613267686,9.896723535325792,9.51727294921875,8.893585205078125,4.3047380447387695,1.8
845,Right Region 845,16,-19.061103224754333,-68.11269950866699,6.656273394823074,8.277360916137695,5.1512603759765625,4.231765270233154,1.6
846,Right Region 846,14,-15.611233575003487,-72.89147894723075,6.5142713614872525,9.303218841552734,9.489776611328125,4.171648025512695,1.4000000000000001
847,Right Region 847,10,-5.007045412063599,-69.62419662475585,12.798598623275756,7.04317033290863,5.9372100830078125,10.195557117462158,1.0
848,Right Region 848,12,-2.002521219352881,-79.86072031656902,13.382095654805502,4.242990106344223,9.582733154296875,10.325437545776367,1.2000000000000002
849,Right Region 849,15,-7.724669154485067,-84.83114166259766,8.55646858215332,10.026699781417847,8.384132385253906,4.159586429595947,1.5
850,Right Region 850,10,-10.087404012680054,-93.82650146484374,2.7439911685884,6.792939186096191,5.7322540283203125,4.8676042929291725,1.0
851,Right Region 851,28,-10.258305941309247,-96.91268157958984,-9.827069878578186,15.19394826889038,10.871734619140625,15.692676305770874,2.8000000000000003
852,Right Region 852,13,-13.854943642249474,-102.86784245417668,6.319328452988814,10.998111724853516,4.2932891845703125,18.312025547027588,1.3
853,Right Region 853,16,-13.12304675579071,-99.48516702651978,-4.556488659232855,8.691183090209961,10.782608032226562,8.745891034603119,1.6
854,Right Region 854,16,-5.912603169679642,-100.10859251022339,5.008895851671696,6.504467487335205,11.118309020996094,9.34049642086029,1.6
855,Right Region 855,15,-10.978673044840495,-98.44999338785807,15.067285219828287,8.09931468963623,7.670562744140625,10.956852912902832,1.5
856,Right Region 856,19,-17.45370357914975,-93.17342457018401,19.45181655883789,9.967281341552734,11.020393371582031,8.724287033081055,1.9000000000000001
857,Right Region 857,11,-20.305748332630504,-101.12452281605114,5.35630943829363,7.932731628417969,5.390068054199219,20.090126514434814,1.1
858,Right Region 858,21,-24.030090876988,-97.53756277901786,2.24746941384815,8.160833358764648,9.951240539550781,12.19370174407959,2.1
859,Right Region 859,31,-27.72546928159652,-96.72602893460181,-11.712478976095877,13.914989471435547,14.272491455078125,17.242149829864502,3.1
860,Right Region 860,45,-18.512739393446182,-90.85638699001736,-14.086548360188802,19.066935539245605,14.301506042480469,10.773693084716797,4.5
861,Right Region 861,13,-34.15777807969313,-90.70617088904747,-6.502169792468731,7.759450912475586,6.4657135009765625,12.756645202636719,1.3
862,Right Region 862,30,-42.030574544270834,-86.24831975301107,-8.99665644665559,9.467395782470703,10.750572204589844,20.999976754188538,3.0
863,Right Region 863,19,-45.59808992084704,-79.54157056306538,-0.870377645288643,5.91326904296875,8.744468688964844,12.662847995758057,1.9000000000000001
864,Right Region 864,16,-28.233456134796143,-89.22900772094727,2.12817613966763,7.375726699829102,8.984893798828125,7.287630558013916,1.6
865,Right Region 865,26,-35.01633548736572,-85.53762670663687,5.491519872958843,9.523214340209961,10.227043151855469,11.79513430595398,2.6
866,Right Region 866,11,-27.43048858642578,-82.56379491632634,14.806329640475186,7.244180679321289,5.904640197753906,2.943632125854492,1.1
867,Right Region 867,18,-27.982112672593857,-93.7581549750434,13.648085435231527,12.074140548706055,9.263473510742188,7.266862869262695,1.8
868,Right Region 868,7,-24.072641372680664,-86.44667598179409,15.344866752624512,6.456178665161133,4.6049041748046875,3.0116395950317383,0.7000000000000001
869,Right Region 869,28,-42.60138130187988,-81.79705974033901,10.339421715055193,11.091697692871094,7.896965026855469,11.951941967010498,2.8000000000000003
870,Right Region 870,18,-48.4336371951633,-73.9284422132704,10.82916553815206,6.584568023681641,8.954124450683594,11.11056900024414,1.8
871,Right Region 871,11,-43.396526683460586,-73.84187524968928,0.9136619486592032,5.1959686279296875,4.918846130371094,9.367252826690674,1.1
872,Right Region 872,14,-43.291996002197266,-67.4232646397182,4.1136738657951355,4.2211761474609375,6.886314392089844,5.2307902574539185,1.4000000000000001
873,Right Region 873,20,-6.82307990193367,-86.1137481689453,-11.069360947608947,10.652718186378479,15.028060913085938,9.33142375946045,2.0
874,Right Region 874,14,-2.8246554051126753,-83.27834047589984,1.054280264036996,4.6842299699783325,11.063056945800781,10.267528533935547,1.4000000000000001
875,Right Region 875,20,-19.50406184196472,-78.08425331115723,-10.392046236991883,9.2413911819458,14.084030151367188,6.985556602478027,2.0
876,Right Region 876,17,-6.366492720211253,-75.8669236127068,-4.525275533690172,9.92295503616333,11.938362121582031,11.098891824483871,1.7000000000000002
877,Right Region 877,6,-2.223356068134308,-72.5170504252116,5.173174063364665,3.0237996578216553,6.8115997314453125,4.794346332550049,0.6000000000000001
878,Right Region 878,22,-11.72719745202498,-66.6677750674161,-6.3267028873617,9.638285636901855,13.909072875976562,10.085388660430908,2.2
879,Right Region 879,15,-20.289279874165853,-68.97677307128906,3.2544000784556073,8.82257080078125,7.981895446777344,3.2203750610351562,1.5
880,Right Region 880,13,-23.46923094529372,-54.81405845055213,-8.662103469555195,10.77537727355957,9.345901489257812,4.952048301696777,1.3
881,Right Region 881,20,-18.885885810852052,-59.70477924346924,-9.178114461898804,10.004122734069824,12.419422149658203,6.28529691696167,2.0
882,Right Region 882,8,-12.14039832353592,-61.47377920150757,2.3096407018601894,9.331258296966553,7.643547058105469,3.936298280954361,0.8
883,Right Region 883,13,-5.013348120909471,-65.06255868765024,2.8718084555405836,8.457613229751587,7.8504486083984375,7.194967567920685,1.3
884,Right Region 884,24,-22.043887694676716,-62.934466203053795,4.856541668375333,7.615959167480469,7.041713714599609,6.35249936580658,2.4000000000000004
885,Right Region 885,13,-19.891713509192833,-55.7543085538424,0.34279505106119007,3.9282588958740234,9.243194580078125,3.6771551370620728,1.3
886,Right Region 886,15,-11.106795565287273,-53.76594594319661,-2.6200488542517024,8.74671459197998,10.066303253173828,7.950976371765137,1.5
887,Right Region 887,22,-14.501855893568559,-49.06536310369318,-2.463391984050924,9.486035346984863,7.569202423095703,11.22479772567749,2.2
888,Right Region 888,19,-24.901311774002878,-47.382767928274056,-9.309077990682502,12.997982025146484,9.673053741455078,6.404796123504639,1.9000000000000001
889,Right Region 889,9,-25.04150178697374,-71.57018619113498,-8.455793433719212,5.970329284667969,7.605506896972656,7.780364513397217,0.9
890,Right Region 890,31,-29.791683320076235,-79.6075707712481,-14.542510432581748,11.68636703491211,12.029388427734375,12.543571472167969,3.1
891,Right Region 891,34,-42.68466511894675,-74.61574285170612,-12.463467121124268,9.349494934082031,14.468162536621094,14.230189323425293,3.4000000000000004
892,Right Region 892,13,-45.52778977614183,-69.35628509521484,-3.14747930260805,6.47125244140625,4.96014404296875,5.9163563549518585,1.3
893,Right Region 893,20,-42.805727577209474,-66.52747383117676,-14.443566727638245,7.809871673583984,9.058464050292969,15.276731491088867,2.0
894,Right Region 894,26,-29.45550038264348,-66.10398131150465,-13.735948544282179,11.10593032836914,12.346878051757812,12.14194107055664,2.6
895,Right Region 895,10,-30.025358390808105,-52.23836402893066,-8.853124332427978,3.78472900390625,5.936458587646484,3.5106401443481445,1.0
896,Right Region 896,16,-27.773509621620178,-59.52444887161255,-11.967142760753632,6.330196380615234,6.618152618408203,11.355182647705078,1.6
897,Right Region 897,14,-43.88974625723703,-57.46223885672433,-19.373408249446324,9.195140838623047,9.0474853515625,11.62546157836914,1.4000000000000001
898,Right Region 898,15,-43.5716921488444,-60.82398529052735,-8.889472325642904,3.646373748779297,7.913326263427734,7.059234619140625,1.5
899,Right Region 899,13,-44.894469334529,-49.940541194035454,-18.43938057239239,11.03702163696289,10.652122497558594,9.158378601074219,1.3
900,Right Region 900,20,-26.678263473510743,-48.177578353881835,-16.507738065719604,8.34195327758789,13.967971801757812,11.33401107788086,2.0
901,Right Region 901,14,-32.20123563494001,-43.69962501525879,-10.885396003723145,6.331830978393555,5.852481842041016,5.572597503662109,1.4000000000000001
902,Right Region 902,33,-32.04407934709029,-31.79752199577563,-9.163664109779127,22.86674690246582,10.030654907226562,8.860225677490234,3.3000000000000003
903,Right Region 903,22,-28.800158413973723,-38.75468756935813,-15.737118590961803,14.244775772094727,8.396133422851562,9.302164077758789,2.2
904,Right Region 904,36,-39.63507625791762,-45.22874482472738,-23.382155312432182,14.278600692749023,19.418930053710938,10.667827606201172,3.6
905,Right Region 905,52,-30.568288583021896,-31.007795297182522,-23.767747768988976,13.31833267211914,17.62356185913086,14.491241455078125,5.2
906,Right Region 906,30,-32.93977565765381,-25.6287384668986,-13.12228349049886,21.639984130859375,8.640464782714844,8.84716796875,3.0
907,Right Region 907,93,-22.097465776628063,-17.899915972063617,-16.03632878744474,33.75880670547485,16.63193988800049,12.099328994750977,9.3
908,Right Region 908,15,-32.419490051269534,-10.262844657897949,-22.870622380574545,7.600074768066406,7.111780166625977,6.63360595703125,1.5
909,Right Region 909,41,-37.50896765546101,-13.763200457503157,-36.36432554663681,20.413742065429688,11.99220085144043,17.18583869934082,4.1000000000000005
910,Right Region 910,56,-28.114310434886388,-5.6731103262198825,-40.28070552008493,17.995576858520508,24.817461013793945,14.5361328125,5.6000000000000005
911,Right Region 911,54,-14.983561833699545,-38.12045842629892,-3.713709649664384,9.419516563415527,18.706378936767578,17.055556535720825,5.4
912,Right Region 912,36,-24.764946460723877,-37.77808581458198,-1.3232246529724863,11.213438034057617,7.2022857666015625,11.556547164916992,3.6
913,Right Region 913,20,-30.858803081512452,-35.918700790405275,-6.173669934272766,9.74376106262207,7.463245391845703,9.425818681716919,2.0
914,Right Region 914,26,-19.281020678006687,-32.0243699000432,-14.742988219627968,10.965801239013672,11.834901809692383,14.04858684539795,2.6
915,Right Region 915,14,-30.0308415549142,-27.126493453979492,-14.736903667449951,8.472196578979492,7.315338134765625,4.991030693054199,1.4000000000000001
916,Right Region 916,23,-23.555003207662832,-22.28434421705163,-20.208163966303285,13.380758285522461,11.134035110473633,11.514501571655273,2.3000000000000003
917,Right Region 917,13,-28.71400158221905,-12.226507993844839,-24.18953250004695,5.8230438232421875,8.566275596618652,5.131044387817383,1.3
918,Right Region 918,24,-19.855971972147625,-15.356159011522928,-27.421154101689655,8.434247970581055,16.981778144836426,11.673755645751953,2.4000000000000004
919,Right Region 919,73,-24.49810035914591,-2.7970119846142727,-21.174303903971634,13.922008514404297,13.048876523971558,22.065988540649414,7.300000000000001
920,Right Region 920,27,-35.306421209264684,12.318910793021873,-28.301099282723886,10.080127716064453,17.158639430999756,16.51418113708496,2.7
921,Right Region 921,10,-41.56849479675293,-24.773329734802246,10.046045017242431,8.719131469726562,6.837451934814453,7.057966232299805,1.0
922,Right Region 922,17,-27.113997178919174,14.609831192914177,-38.45047232683967,12.82073974609375,11.686112403869629,13.129045486450195,1.7000000000000002
923,Right Region 923,25,-24.89302505493164,5.04680103328079,-30.794924850463868,12.437166213989258,9.831460946239531,23.844038009643555,2.5
924,Right Region 924,12,-46.42741044362386,-64.76430066426595,0.3369051590561867,8.055965423583984,4.684730529785156,8.134615898132324,1.2000000000000002
925,Right Region 925,34,-55.317050372853,-62.21095365636489,-6.520982706042774,13.6871337890625,9.601173400878906,16.887711375951767,3.4000000000000004
926,Right Region 926,16,-49.831111907958984,-60.320823192596436,-12.119939029216766,9.453025817871094,9.71353530883789,14.654909610748291,1.6
927,Right Region 927,9,-46.093288845486114,-53.10555860731337,-14.472047064039442,7.278980255126953,3.6056785583496094,7.869476318359375,0.9
928,Right Region 928,18,-59.939669926961265,-52.36145485772027,-8.148529344134861,8.812068939208984,10.788131713867188,11.70762825012207,1.8
929,Right Region 929,23,-59.81520379107931,-47.326974454133406,-15.862841315891432,5.584316253662109,15.001049041748047,14.546258926391602,2.3000000000000003
930,Right Region 930,20,-48.52308235168457,-44.60276641845703,-23.30389814376831,10.241199493408203,13.079242706298828,13.10789680480957,2.0
931,Right Region 931,23,-57.31374558158543,-40.26018806125807,-24.004175766654637,10.605667114257812,9.638202667236328,15.5184326171875,2.3000000000000003
932,Right Region 932,12,-56.16982396443685,-32.79057105382284,-25.23888333638509,4.415748596191406,6.974597930908203,12.466033935546875,1.2000000000000002
933,Right Region 933,14,-62.47070067269461,-31.017654963902064,-19.702121325901576,11.27956771850586,9.63800048828125,4.272283554077148,1.4000000000000001
934,Right Region 934,55,-43.462401234019886,-30.6065317327326,-27.575760130448774,20.564388275146484,15.720378875732422,12.27151107788086,5.5
935,Right Region 935,27,-58.456595950656464,-23.283872957582826,-26.163995601512767,11.131221771240234,12.460807800292969,15.674985885620117,2.7
936,Right Region 936,21,-56.170508611769904,-16.88706075577509,-32.20102119445801,9.664928436279297,11.643205642700195,14.250175476074219,2.1
937,Right Region 937,34,-39.74073264178108,-19.8949611046735,-28.8308526207419,18.416339874267578,9.856894493103027,12.571636199951172,3.4000000000000004
938,Right Region 938,12,-53.323150634765625,-9.458037714163462,-32.19768714904785,10.7655029296875,9.198412656784058,7.737703323364258,1.2000000000000002
939,Right Region 939,26,-48.85106952373798,-5.652856617879409,-38.94260069040152,11.90279769897461,18.09737253189087,13.348819732666016,2.6
940,Right Region 940,41,-38.071436300510314,4.8596540104552375,-42.0990898318407,18.711702346801758,21.452696323394775,11.189044952392578,4.1000000000000005
941,Right Region 941,10,-50.02311782836914,-62.29144630432129,12.799257373809814,7.957927703857422,9.442081451416016,4.151117324829102,1.0
942,Right Region 942,19,-51.602271832917864,-62.896342628880554,3.587293162157661,13.257484436035156,4.11199951171875,8.67550790309906,1.9000000000000001
943,Right Region 943,12,-57.22103691101074,-60.27108605702718,8.485238353411356,11.546745300292969,8.251953125,7.791130542755127,1.2000000000000002
944,Right Region 944,11,-59.13058818470348,-54.354639226740055,4.771638978611339,10.170242309570312,8.390544891357422,7.385186672210693,1.1
945,Right Region 945,13,-64.5481438269982,-48.286649850698616,0.47506373203717744,6.819221496582031,9.398078918457031,8.033069849014282,1.3
946,Right Region 946,9,-57.42564943101671,-44.601114908854164,0.22322508527172935,4.195560455322266,8.267562866210938,7.396374940872192,0.9
947,Right Region 947,23,-63.51757032974906,-40.2572543932044,-7.5405305261197295,10.500507354736328,7.847816467285156,12.308138370513916,2.3000000000000003
948,Right Region 948,15,-60.0249382019043,-32.14721171061198,-10.3296293258667,13.636032104492188,9.40084457397461,5.748822212219238,1.5
949,Right Region 949,7,-48.02748925345285,-23.14815194266183,8.319022519247872,8.139106750488281,7.578834533691406,4.591468334197998,0.7000000000000001
950,Right Region 950,21,-51.11727251325335,-36.222585678100586,-4.293917325635751,5.435798645019531,7.829893112182617,8.711821638047695,2.1
951,Right Region 951,46,-55.20866344286048,-21.098749388819154,-8.305922705194224,14.339550018310547,16.124680519104004,9.649734497070312,4.6000000000000005
952,Right Region 952,11,-65.0048151883212,-26.541086196899414,-12.388358029452236,12.15964126586914,9.873868942260742,5.869597434997559,1.1
953,Right Region 953,13,-64.75553835355319,-19.136792403001053,-14.63531046647292,9.920425415039062,8.837371826171875,7.0370025634765625,1.3
954,Right Region 954,35,-53.13002657209124,-10.843367276872907,-16.49201559339251,5.583103179931641,15.403640508651733,10.346344947814941,3.5
955,Right Region 955,7,-57.52132197788784,-17.913703509739467,-14.373679978506905,6.5467071533203125,7.8290510177612305,1.690526008605957,0.7000000000000001
956,Right Region 956,23,-60.24774932861328,-7.078294588171917,-22.71159163765285,14.700515747070312,13.594351053237915,12.522956848144531,2.3000000000000003
957,Right Region 957,11,-52.82388340343129,-7.815207264640114,24.44894721291282,5.362159729003906,5.668621063232422,4.324502944946289,1.1
958,Right Region 958,12,54.89760653177897,2.8230054676532745,-19.527820428212483,6.499755859375,13.5871262550354,9.466251373291016,1.2000000000000002
959,Right Region 959,38,-51.90209127727308,5.739414355864651,-27.451098843624717,15.201290130615234,19.070377349853516,19.028820037841797,3.8000000000000003
960,Right Region 960,13,-49.09270447951097,-52.36766991248498,8.22310814490685,7.613872528076172,6.1210784912109375,6.884000778198242,1.3
961,Right Region 961,21,-50.54399599347796,-50.434986477806454,11.565367585136777,15.82992172241211,5.266933441162109,7.342912197113037,2.1
962,Right Region 962,32,-54.47052013874054,-44.798593521118164,5.611612692475319,10.69559097290039,10.653526306152344,7.253573894500732,3.2
963,Right Region 963,20,-52.637269020080566,-41.55404167175293,0.5258506912738085,3.725250244140625,7.976268768310547,7.058653831481934,2.0
964,Right Region 964,9,-53.41390016343858,-32.413735495673286,10.02379486295912,9.373664855957031,5.627357482910156,6.266690731048584,0.9
965,Right Region 965,31,-59.443671072683024,-54.001048303419545,20.254287196743874,10.78875732421875,7.129276275634766,15.555222511291504,3.1
966,Right Region 966,16,-62.84443712234497,-45.0464448928833,16.851973474025726,8.153411865234375,9.857536315917969,9.707111358642578,1.6
967,Right Region 967,19,-51.31271583155582,-39.13611783479389,16.92526932766563,11.802642822265625,6.72705078125,8.843734741210938,1.9000000000000001
968,Right Region 968,24,-40.39806302388509,-35.20313421885172,12.978234450022379,6.192268371582031,7.809978485107422,7.655416488647461,2.4000000000000004
969,Right Region 969,20,-45.0454626083374,-32.564153861999515,8.005878329277039,6.260181427001953,8.17819595336914,8.420580863952637,2.0
970,Right Region 970,18,-64.63034947713216,-40.182692209879555,11.301218721601698,7.687068939208984,10.094841003417969,11.589130401611328,1.8
971,Right Region 971,25,-65.1609275817871,-33.86383560180664,7.102790846824646,10.019828796386719,8.502765655517578,13.358917117118835,2.5
972,Right Region 972,7,-58.227425711495535,-26.204715456281388,6.803053038460868,4.758617401123047,6.42851448059082,6.5898756980896,0.7000000000000001
973,Right Region 973,18,-66.50619019402399,-25.870355712042915,3.8274782217211194,6.631961822509766,8.572498321533203,13.13920783996582,1.8
974,Right Region 974,16,-50.66286301612854,-25.91504693031311,3.980649083852768,6.556766510009766,6.393718719482422,4.595355987548828,1.6
975,Right Region 975,25,-64.174501953125,-15.472584266662597,1.1573573753237725,10.107330322265625,11.411909103393555,10.666287422180176,2.5
976,Right Region 976,14,-58.3110784803118,-19.390755244663783,3.7711654731205533,11.19064712524414,5.215620040893555,3.3886992931365967,1.4000000000000001
977,Right Region 977,32,-53.00633418560028,-31.37423747777939,-4.713678174652159,12.84560775756836,10.530708312988281,11.360619306564331,3.2
978,Right Region 978,7,-52.87290900094168,-16.84654358455113,6.986838204520089,3.8629493713378906,8.294892311096191,2.9014229774475098,0.7000000000000001
979,Right Region 979,8,-56.214051246643066,-7.709848701953888,2.3156567700207233,9.568317413330078,7.543992519378662,5.390971004962921,0.8
980,Right Region 980,29,-40.084787697627625,-21.526838302612305,-0.20797111492218642,9.234073638916016,8.303268432617188,10.423022270202637,2.9000000000000004
981,Right Region 981,43,-41.87192056345385,-13.514194056045177,-5.583516898889874,7.680896759033203,15.166747093200684,15.74333667755127,4.3
982,Right Region 982,23,-60.335390339726985,-5.606184509785279,-5.7084193054748615,8.214160919189453,11.755419820547104,16.771109461784363,2.3000000000000003
983,Right Region 983,8,-48.06104373931885,-9.704366683959961,-4.107776161283255,3.6081619262695312,6.155129432678223,8.538732200860977,0.8
984,Right Region 984,14,-42.96838515145438,-2.6975339480808804,-14.508622101375035,6.038692474365234,9.741710186004639,9.59375286102295,1.4000000000000001
985,Right Region 985,10,-58.82194175720215,2.7337622594088318,-5.482271206378937,7.371410369873047,5.816956866532564,9.977558732032776,1.0
986,Right Region 986,7,-49.65620476858957,-2.45195495230811,-5.762958526611328,4.734046936035156,7.0275076031684875,7.783964157104492,0.7000000000000001
987,Right Region 987,31,-42.24966295303837,-5.853562658832919,-10.345141095499839,6.1448211669921875,13.238528490066528,11.88412594795227,3.1
988,Right Region 988,11,-55.777165152809836,7.5642618266018955,-10.181649901650168,9.136245727539062,9.313472032546997,10.730396747589111,1.1
989,Right Region 989,28,-40.548987116132466,4.768366726381438,-19.43186024257115,13.568134307861328,8.743740737438202,11.992964744567871,2.8000000000000003
990,Right Region 990,8,-51.68631076812744,13.712909698486328,-14.969753861427307,8.421924591064453,5.458230018615723,11.216667175292969,0.8
991,Right Region 991,16,-42.98977255821228,0.9140611309558153,-16.143894731998444,7.829925537109375,8.451345920562744,10.641592025756836,1.6
992,Right Region 992,10,-47.2072811126709,18.314970016479492,-22.784560203552246,7.627582550048828,6.654825210571289,14.49393081665039,1.0
993,Right Region 993,10,-40.984859466552734,14.835448455810546,-24.569470596313476,4.272357940673828,13.284658432006836,9.29503059387207,1.0
